"","Longitude","Latitude"
"8",-112.64694,51.77818
"9",-113.77234,51.21261
"10",-116.22023,51.46021
"11",-110.65127,52.46309
"12",-111.07638,52.20111
"13",-114.47782,52.02799
"14",-116.39168,52.25872
"15",-110.86644,53.49666
"16",-111.52556,53.71555
"17",-112.78208,53.33769
"18",-113.88548,53.68701
"19",-114.22008,53.16381
"20",-117.71063,53.3741
"21",-110.8863,54.0577
"22",-111.2782,54.26763
"23",-114.71491,54.12038
"24",-116.21592,54.13311
"25",-118.22621,54.75011
"26",-113.44,55.486
"27",-114.91416,55.49903
"28",-119.21774,55.1415
"29",-117.82119,56.27611
"30",-111.83849,59.98857
"31",-111.61484,59.86175
"38",-110.38028,51.44533
"39",-111.20079,51.57551
"40",-112.13115,51.95441
"41",-113.89621,51.56148
"42",-114.21268,51.54794
"43",-115.40694,51.66166
"44",-113.98702,52.61069
"45",-114.40959,52.5814
"46",-117.51832,52.48771
"47",-111.76012,53.10329
"48",-112.14825,53.10505
"49",-113.1229,53.11978
"50",-110.30494,54.18052
"51",-112.8288,54.43414
"52",-113.91555,54.05083
"53",-117.03659,54.36335
"60",-110.19278,51.35788
"61",-111.51697,51.76553
"62",-112.33055,51.18333
"63",-113.7321,51.4154
"64",-114.19363,52.65721
"65",-117.34166,52.98463
"66",-111.24257,53.77624
"67",-113.85339,53.3377
"68",-114.78773,53.48311
"69",-115.11754,54.03515
"70",-115.25994,54.999
"76",-110.91913,51.44452
"77",-111.47615,51.41613
"78",-112.04431,51.32885
"79",-114.25969,51.32922
"80",-114.40958,52.40635
"81",-113.19621,53.1343
"82",-114.48941,54.34059
"85",-111.19086,51.27059
"86",-113.21913,52.20114
"87",-114.17258,53.01772
"88",-112.01798,54.91816
"90",-87.6041417,34.868688
"91",-87.0592352,34.0297881
"92",-86.2030371,34.8680404
"93",-85.9258408,33.1913463
"94",-85.7511714,33.6076572
"95",-86.1153789,33.8116977
"96",-86.6010915,33.4549551
"97",-87.5888357,33.8481773
"98",-88.1712189,33.4765537
"99",-88.3172665,32.1307226
"100",-87.8359539,32.2782397
"101",-87.2158334,32.442715
"102",-87.5153953,32.7846996
"103",-86.2754989,32.1312407
"104",-86.7017714,32.6594297
"105",-86.1307777,32.5890245
"106",-85.5530853,32.3116131
"107",-85.2044589,32.8854647
"108",-85.0626449,32.1473077
"109",-86.250378,31.5859083
"110",-86.6131969,31.4439507
"111",-86.8858316,30.9977072
"112",-87.2090516,31.7399574
"113",-87.1203132,31.3180673
"114",-87.1007539,33.1156047
"115",-87.7621469,34.1311637
"116",-86.4773569,34.3142387
"117",-87.8205274,33.1379607
"118",-88.1229309,32.6807827
"119",-86.7118894,32.3276808
"120",-85.7164607,32.5816871
"121",-88.38516,31.2926075
"122",-87.7767179,31.7097587
"123",-85.6508719,31.6676037
"124",-87.3907904,34.4236313
"125",-85.565583,34.5810567
"126",-88.0092154,33.2811827
"127",-87.4241383,33.2638251
"128",-86.4457647,33.718519
"129",-87.5381089,32.4128107
"130",-85.8711729,32.4341515
"131",-87.0654001,31.2283931
"132",-86.270046,31.4086552
"133",-85.4115544,31.0322875
"134",-87.7299991,30.3038647
"135",-86.9887629,34.9292307
"136",-86.0671689,34.9895137
"137",-87.2543912,34.6030578
"138",-86.4734413,34.2126918
"139",-85.9323092,34.3086241
"140",-85.7466579,33.6296357
"141",-87.8350582,31.0706664
"142",-88.1123348,30.248466
"143",-87.5183917,30.2816323
"144",-87.6024375,30.370222
"145",-86.3312989,33.2905307
"146",-85.450491,33.9413322
"147",-86.1117753,32.822371
"148",-86.6604516,34.8223669
"149",-85.8594579,34.7575557
"150",-88.1671198,33.6853138
"151",-86.3813006,33.8564625
"152",-86.1573541,33.3180161
"153",-85.464604,33.1844368
"154",-87.3792753,32.1930088
"155",-86.5697685,32.4860839
"156",-85.2532189,32.5033347
"157",-87.6361759,31.7459607
"158",-85.2558091,31.7296264
"159",-87.6374375,30.803493
"160",-141.2785932,64.552796
"161",-144.0890949,65.7907167
"162",-146.727508,65.2698047
"163",-146.0769649,64.2556227
"164",-148.417832,65.5631957
"165",-143.8893879,62.7247807
"166",-143.9862892,63.6152141
"167",-141.8052529,63.0127307
"168",-146.0607299,63.0531897
"169",-147.944427,63.2771884
"170",-148.86,63.3793062
"171",-134.7660128,58.4423687
"172",-133.0848056,55.5557449
"173",-146.9948586,64.5464143
"174",-145.870208,60.4971524
"175",-145.9169019,61.0587623
"176",-144.9583298,61.7342231
"177",-147.1759823,61.937256
"178",-149.4276,61.58697
"179",-150.7868883,60.5957398
"180",-151.7956533,59.7967661
"181",-135.1551062,57.0173668
"182",-152.45,57.5333333
"183",-146.0599662,65.0544087
"184",-158.5270562,59.0346173
"185",-156.4585984,58.6704647
"186",-146.515638,62.2317426
"187",-132.7658694,56.7395445
"188",-132.3798899,56.4599307
"189",-152.6177,57.8128265
"190",-150.2366378,62.3172987
"191",-150.5656383,60.5259627
"192",-151.560698,59.6464107
"193",-149.71492,67.6695397
"194",-149.842437,61.4001417
"195",-165.3122783,64.4875219
"196",-150.6324337,66.4417734
"197",-150.29011,67.0166107
"198",-145.7282965,64.0157146
"199",-149.3473217,68.4265923
"200",-148.8351789,68.8572136
"201",-135.0455629,57.9218687
"202",-150.6131749,65.0076556
"203",-148.65472,65.4883997
"204",-142.3235417,63.6093407
"205",-165.9993285,64.7776327
"206",-155.523896,64.4609377
"207",-165.3015102,64.61589
"208",-135.3507079,59.5294227
"209",-163.1690916,62.0526113
"210",-166.0880717,64.8314753
"211",-132.7665559,56.3501108
"212",-135.0598309,57.8376397
"213",-155.6186013,62.9117822
"214",-145.3482303,60.4652137
"215",-112.0460509,36.7313947
"216",-114.4831159,34.9859877
"217",-113.9188229,34.7270747
"218",-112.4327389,34.6437087
"219",-114.2169649,33.6562037
"220",-114.3988546,32.8332815
"221",-113.5413359,32.9285617
"222",-110.3031159,32.0343407
"223",-110.7949529,31.5175977
"224",-112.0319722,36.3131479
"225",-111.4526999,36.9132282
"226",-114.582156,35.1226722
"227",-111.9475859,35.1634107
"228",-112.6192267,34.7733727
"229",-110.7666667,34.7
"230",-114.668276,33.2314477
"231",-112.9375459,33.2869987
"232",-112.677217,33.3339864
"233",-111.6398389,33.8177037
"234",-114.4452209,32.8548017
"235",-111.3291239,32.57312
"236",-110.5053099,32.5434377
"237",-111.0671459,31.7120327
"238",-110.9446259,31.9576267
"239",-113.4587859,36.6901017
"240",-111.0768659,36.6095467
"241",-113.3760172,35.5541565
"242",-112.5859679,35.2307957
"243",-111.4382855,34.8379964
"244",-111.3789069,33.0385437
"245",-110.9464649,33.5656117
"246",-112.86988,32.4655
"247",-111.3334729,32.9583127
"248",-114.6620259,35.8663187
"249",-91.3322519,33.1683737
"250",-92.6974039,33.5907857
"251",-93.4706879,33.3755757
"252",-93.6694105,33.6627163
"253",-94.1229479,33.6969877
"254",-90.5065699,34.9269397
"255",-91.4995419,34.0487397
"256",-93.2513959,34.0344927
"257",-94.0440279,34.9704407
"258",-91.3426352,35.9114603
"259",-92.7182699,35.6330837
"260",-92.1956399,35.5702167
"261",-93.6640897,35.4263985
"262",-93.0696409,35.7806777
"263",-94.3318236,35.3514159
"264",-90.9236529,36.4436877
"265",-91.7354059,36.0989147
"266",-92.1148009,36.4061087
"267",-93.2802279,36.1206137
"268",-94.1100149,36.4053037
"269",-94.303299,36.329802
"270",-93.472462,36.394077
"271",-91.22905,36.313763
"272",-90.000225,35.901224
"273",-91.658032,35.373736
"274",-92.442323,35.939336
"275",-93.68179,35.075027
"276",-93.689266,34.65949
"277",-92.001796,34.559183
"278",-91.573969,34.13829
"279",-94.006856,33.782848
"280",-92.967494,33.454572
"281",-91.220963,33.796907
"282",-94.344402,35.615095
"283",-92.5894309,33.9394687
"284",-91.7077371,34.7008083
"285",-92.8007333,34.7023815
"286",-92.633333,34.35
"287",-90.2867129,35.5182227
"288",-91.3577331,35.3146835
"289",-132.91063,60.23361
"290",-135.29369,61.10043
"291",-136.98192,61.19712
"292",-140.56152,61.98868
"293",-135.89342,63.59103
"294",-136.61448,63.39463
"295",-138.751,63.99044
"296",-136.71056,66.44292
"297",-133.29451,60.48948
"298",-139.22398,61.43374
"299",-138.363,64.73316
"300",-137.05841,60.3721
"301",-78.4653682,39.060195
"302",-79.4594489,38.2891547
"303",-79.1647743,38.1909534
"304",-78.5051729,38.5758867
"305",-78.1721466,38.4538015
"306",-77.2184791,38.1740529
"307",-77.5897828,38.6248921
"308",-82.4750989,37.2138017
"309",-81.9476239,37.0178877
"310",-79.873929,37.4881381
"311",-79.2990119,37.5332587
"312",-78.5422838,37.9095168
"313",-78.7872126,37.7014449
"314",-78.9826802,37.3326887
"315",-77.8218239,37.9811797
"316",-77.6223439,37.2171627
"317",-76.341428,37.6595013
"318",-76.6789481,37.8800004
"319",-76.9863819,37.0842847
"320",-75.7320849,37.5482647
"321",-81.9508764,36.8831551
"322",-80.1918559,36.7674727
"323",-79.7629019,36.6058887
"324",-79.2532438,36.6309512
"325",-78.5908119,36.8559727
"326",-78.0088473,36.6079187
"327",-77.1454409,36.6057147
"328",-77.2865338,36.5960851
"329",-76.0167249,36.7293227
"330",-78.2602839,37.2315367
"331",-79.076783,37.0463681
"332",-78.7968679,37.3591367
"333",-77.1604648,37.1015582
"334",-82.7480769,36.7021737
"335",-124.2718359,48.2533397
"336",-123.3860549,48.1127527
"337",-121.2122809,48.7004247
"340",-124.2942279,47.3475467
"341",-123.0994489,47.1305417
"344",-123.1780619,46.2603987
"345",-121.3902819,46.6387037
"350",-122.1426999,48.9733887
"351",-121.9026259,48.8336397
"354",-121.0136489,47.2274587
"358",-121.5554509,46.4024557
"361",-121.4705739,48.1711937
"363",-123.4988999,47.9693587
"364",-121.7570189,47.4551907
"368",-121.9182969,46.7412427
"370",-122.4719929,48.5374977
"374",-122.3002169,47.9220717
"378",-123.4697269,46.5431147
"379",-122.4157869,46.8066477
"380",-121.9848029,47.7443857
"383",-122.86911,46.726114
"384",-80.7326693,37.9457139
"385",-80.3143619,37.6627657
"386",-81.1552555,37.3039582
"387",-81.1148229,37.6168997
"388",-81.7666849,37.5320007
"389",-81.4097591,38.793062
"390",-81.0222682,38.7133034
"391",-81.7998809,38.5848407
"392",-81.9661949,38.2174027
"393",-81.7243649,38.2356237
"394",-80.3742359,38.3420287
"395",-80.7951792,38.8296121
"396",-80.2288669,38.0801867
"397",-80.8973158,38.566293
"398",-79.8181159,38.3707667
"399",-79.4290148,38.5618406
"400",-81.5532319,39.0495129
"401",-81.0341349,39.0904426
"402",-80.7304852,39.9139422
"403",-80.2029429,39.4199317
"404",-80.5250999,39.0491547
"405",-80.7730165,39.652653
"406",-80.8687829,39.3782737
"407",-80.5872959,39.5044097
"408",-79.8489868,39.5730496
"409",-79.935752,39.0940821
"410",-78.5094379,39.1823897
"411",-80.0991062,39.1928067
"412",-92.1964109,46.3964397
"413",-91.4282439,46.5232187
"414",-91.8218079,46.0670957
"415",-91.0900569,46.3087137
"416",-90.9468609,46.7999037
"417",-90.7900389,46.1105637
"418",-90.1542219,46.3414537
"419",-89.6003879,46.1709797
"420",-92.7478269,45.0280407
"421",-92.6673889,45.3718767
"422",-92.4981849,45.9602047
"423",-92.2379749,45.5969217
"424",-91.8894659,45.5385417
"425",-91.4793629,45.3129597
"426",-91.2353139,45.8737727
"427",-91.1942679,45.7114417
"428",-90.7920749,45.1410957
"429",-90.1872869,45.6572627
"430",-90.0875099,45.3240447
"431",-89.2840419,45.2325217
"432",-89.6369409,45.3150927
"433",-89.5094999,45.7693237
"434",-89.1549899,45.9284757
"435",-88.8778549,45.8427157
"436",-88.7750249,45.4638297
"437",-88.6286329,45.3745537
"438",-88.0179749,45.5054967
"439",-87.8743129,45.4469757
"440",-86.9307629,45.3659387
"441",-92.4279399,44.6509917
"442",-91.7837359,44.1920937
"443",-91.6793739,44.4009957
"444",-91.3711239,44.0129837
"445",-91.1258789,44.9295287
"446",-90.3574219,44.8143967
"447",-90.3827969,44.1973007
"448",-90.0650949,44.6989087
"449",-89.8554319,44.4454137
"450",-89.4892659,44.6134037
"451",-89.2453309,44.7766037
"452",-89.0520699,44.2134397
"453",-88.9513789,44.4254667
"454",-88.7788779,44.6191537
"455",-87.7016689,44.0520617
"456",-87.6425339,44.5887327
"457",-91.0057829,43.7898747
"458",-90.8675449,43.5329127
"459",-90.7422119,43.3269947
"460",-90.2094039,43.8227657
"461",-90.3552409,43.7857987
"462",-89.8669289,43.4457507
"463",-89.2274789,43.5381577
"464",-89.1280059,43.9129677
"465",-89.0411229,43.4580257
"466",-88.4804309,43.6162427
"467",-88.7352209,43.4565557
"468",-88.9008629,43.4992847
"469",-88.3351209,43.6599137
"470",-87.8785709,43.3759057
"471",-90.9601049,42.8165957
"472",-90.4357819,42.5180847
"473",-89.9655699,42.6391427
"474",-88.7095809,42.9178507
"475",-88.0517639,42.6113857
"476",-87.9862509,42.8005177
"477",-90.5367439,45.0884697
"478",-88.704253,44.0331367
"479",-89.6668479,43.0002617
"480",-91.9549099,46.6330277
"481",-90.9078369,46.3269267
"482",-89.2588499,46.0476047
"483",-92.4933019,45.7427327
"484",-91.3051159,45.8488177
"485",-90.6226889,45.8427177
"486",-89.1251229,45.6998027
"487",-88.8205556,45.6577778
"488",-91.7922969,44.7379837
"489",-90.3147969,44.8877797
"490",-89.5982599,44.0829597
"491",-88.9391789,44.9221977
"492",-87.8918599,44.1095107
"493",-91.0779429,43.0674397
"494",-90.6626669,43.0391137
"495",-89.5292049,43.5621967
"496",-88.0415409,43.8770447
"497",-90.2112029,42.9378547
"498",-89.1104419,42.5113107
"499",-88.0496139,44.3429157
"500",-88.2762261,42.9592306
"507",-110.1608579,42.0737597
"511",-110.7646789,41.2728697
"552",-121.68847,49.29488
"555",-120.71029,51.38704
"556",-121.97944,51.41319
"557",-122.06768,52.14952
"558",-123.52471,52.2551
"559",-120.0785,53.27895
"560",-119.67144,53.08394
"561",-126.79256,54.36058
"562",-128.58215,54.37166
"563",-129.29622,54.33308
"564",-120.15842,55.45441
"565",-123.20833,55.45083
"566",-127.8863,55.15831
"567",-129.28439,56.10483
"568",-125.24111,50.02638
"569",-133.79492,60.00029
"570",-124.83168,54.08715
"571",-132.05651,54.03085
"576",-121.82873,50.88093
"577",-122.95793,50.14379
"578",-121.46523,51.97885
"579",-122.40933,51.95592
"580",-123.07011,51.79483
"581",-124.36813,51.98254
"582",-121.38518,52.47331
"583",-122.8157,53.9421
"584",-127.31883,55.00224
"585",-131.79334,53.20804
"586",-124.17869,49.78313
"587",-129.06944,59.96444
"588",-136.59568,59.78907
"589",-123.54811,48.74932
"590",-124.05783,48.82305
"593",-121.38798,49.02589
"594",-122.53478,49.18402
"595",-124.09906,49.19418
"598",-121.61208,50.78927
"599",-122.25638,50.43183
"602",-123.17833,49.68665
"603",-125.09807,49.64242
"604",-121.5819,50.24223
"606",-120.9503,50.13425
"614",-119.8362579,38.3432387
"616",-119.6302109,37.3670857
"617",-116.8011859,33.3988807
"618",-114.7292329,33.4048617
"620",-119.3047559,36.6315997
"621",-117.800197,35.6076917
"622",-116.1930811,35.8040435
"623",-115.1040949,34.0883297
"625",-120.6326679,39.7846537
"629",-119.8237379,38.7754607
"630",-115.8016279,33.6738577
"631",-115.4847789,33.2200507
"632",-120.2906994,38.5562592
"633",-119.1943049,38.1752167
"636",-116.7862853,33.1990869
"638",-118.0989909,36.5074727
"639",-118.6547779,36.4664267
"640",-119.0450209,34.7383427
"641",-119.5118359,36.6992615
"642",-118.2071003,35.5494581
"643",-118.9088976,36.8189424
"644",-120.5084609,35.3183817
"645",-119.7298739,35.0931687
"646",-120.3368295,41.2351468
"649",-119.8035199,37.7472667
"650",-120.4258218,39.6153759
"654",-120.1080006,40.4932903
"656",-120.3753129,41.7332787
"665",-120.623502,40.2017613
"668",-120.4473869,38.7694117
"670",-120.6452578,37.9834939
"675",-119.1614638,37.2556212
"677",-116.48047,32.92408
"679",-116.7979649,33.5014318
"682",-120.6797897,38.3539344
"685",-120.5011538,41.8699632
"686",-120.4745547,41.0534621
"691",-120.5734077,38.7396833
"693",-119.7938035,37.4618753
"696",-120.0376959,38.1700196
"698",-120.5453404,40.1541637
"811",-75.6860679,39.5003037
"812",-75.5873207,39.7518831
"813",-75.5366119,38.9594417
"814",-75.4652999,39.0287137
"816",-75.6392639,39.3705837
"817",-75.4638509,38.7324037
"818",-87.4079434,30.9291812
"819",-86.2758321,30.3755433
"820",-86.4809129,30.5193157
"821",-85.1334541,30.5288404
"822",-85.2869789,30.3372497
"823",-84.0413094,30.5950194
"824",-85.3003555,29.7818335
"825",-83.8569684,30.2734632
"826",-83.3782062,29.6686989
"827",-82.7337409,30.5026237
"828",-82.394802,29.1916199
"829",-84.9762879,29.9877641
"830",-82.1186659,27.4438745
"831",-81.3438119,29.8899427
"832",-81.9062085,30.7202649
"833",-82.3022052,28.3266818
"834",-81.8343049,29.8970697
"835",-81.8605659,28.1788407
"836",-81.9816829,28.5723877
"837",-81.4189503,27.3232866
"838",-80.8712309,28.7481187
"839",-82.1462286,27.6610372
"840",-80.9676799,25.7510497
"841",-80.3854635,26.9657323
"842",-82.1623546,30.2531989
"843",-86.7860494,30.7209289
"844",-86.1160696,30.7184797
"845",-85.2426415,30.5335474
"846",-85.7419899,30.9498107
"847",-83.6676053,30.2929508
"848",-84.6639032,30.387698
"849",-81.9519897,30.5196049
"850",-83.2158819,30.5193097
"851",-84.340943,29.9468226
"852",-81.8774959,29.5359317
"853",-81.1983453,29.4080424
"854",-82.1719367,28.6471072
"855",-80.8980039,28.1011187
"856",-81.5469756,28.6901383
"857",-81.3372759,28.3225489
"858",-81.4536353,27.7611546
"859",-80.2292965,26.0856265
"860",-81.126711,26.5587549
"861",-83.0674784,29.6862263
"862",-82.6352619,28.2764097
"863",-81.7610009,26.9459847
"864",-81.6570333,25.9322682
"865",-85.836483,30.53685
"866",-85.0052085,30.3242578
"867",-82.119094,29.4553574
"868",-82.5089729,28.0402277
"869",-81.7191254,27.9007144
"870",-82.0333415,26.9297114
"871",-80.9335333,25.1388716
"872",-86.455486,30.965694
"873",-82.2851269,29.1871917
"874",-82.334936,27.769929
"875",-81.6004029,27.4972377
"876",-80.4147339,25.618989
"877",-81.5829559,24.597703
"878",-81.4181496,31.3641465
"879",-83.0293039,30.9276387
"880",-82.3558447,31.9696201
"881",-84.5234609,30.8199147
"882",-84.7198949,31.7456477
"883",-83.4524425,32.3986852
"884",-83.9907256,33.0058447
"885",-84.4948117,32.9365857
"886",-83.2572724,31.212031
"887",-82.4803579,33.7890197
"888",-83.1735057,33.7540376
"889",-84.4058069,31.2906127
"890",-83.3156813,34.0324127
"891",-84.7282157,34.566415
"892",-84.7868559,34.0545254
"893",-83.7887419,32.3776397
"894",-83.5415723,34.4948364
"895",-83.0957341,33.5197045
"896",-84.2682799,32.1823297
"897",-81.637766,32.8829954
"898",-83.6478349,32.9464727
"899",-85.2533567,33.5381995
"900",-85.3463759,34.6689717
"901",-84.5636584,32.3152912
"902",-85.0490155,34.3863104
"903",-84.0687099,34.7642707
"904",-83.4074789,34.9172777
"905",-84.2188269,33.6307147
"906",-83.8122125,33.1053145
"907",-82.6759719,33.6477247
"908",-82.8309704,33.0291229
"909",-83.5781559,32.1468537
"910",-82.9529801,32.1747043
"911",-82.3672037,32.88997
"912",-83.5531469,31.9142657
"913",-81.6930981,32.6493901
"914",-83.80112,30.6653217
"915",-82.3713072,32.1084995
"916",-82.8023609,31.4577244
"917",-81.6271416,31.6168883
"918",-82.706828,30.6012759
"919",-81.671898,30.928942
"920",-82.7110995,30.8156483
"921",-81.9385286,31.060394
"922",-81.2589304,31.7275586
"923",-82.4003766,31.6994191
"924",-82.0547405,32.4826257
"925",-81.8440915,32.6387756
"926",-83.3946338,31.911593
"927",-84.0168649,31.7538576
"928",-84.6928996,31.9559887
"929",-84.4158115,32.8593849
"930",-83.119901,33.1701743
"931",-82.553544,33.8799945
"932",-83.7041676,33.6804525
"933",-84.2837106,33.382002
"934",-85.253731,33.4037868
"935",-83.8381378,34.1726911
"936",-82.7559864,34.1982791
"937",-83.1032176,34.3932407
"938",-84.5124264,34.906261
"939",-85.497565,34.6117851
"940",-85.424102,34.7223756
"975",-113.8402099,42.2100017
"977",-90.0603721,42.2101956
"978",-89.3321502,42.1593177
"979",-89.0756312,42.0711057
"980",-88.175335,42.1542181
"981",-90.0300702,41.3974197
"982",-90.217325,41.4846401
"983",-89.4568609,41.1849333
"984",-89.7704347,41.3504896
"985",-89.7085965,41.3356226
"986",-89.0175725,41.6502254
"987",-88.8325718,41.0834818
"988",-88.1879809,41.9335847
"989",-87.5816027,41.2187664
"990",-91.0568488,40.8036571
"991",-91.1829978,40.2137205
"992",-90.0013197,40.0810774
"993",-90.9814019,40.6514497
"994",-90.0331516,40.9170762
"995",-90.5087794,40.8602881
"996",-89.6657014,40.6004653
"997",-89.7938841,40.9305488
"998",-88.95069,40.9275498
"999",-88.5584799,40.0787817
"1000",-88.6754284,40.8985328
"1001",-87.724604,40.6463646
"1002",-90.3451209,39.9897988
"1003",-90.1660041,39.4187241
"1004",-90.4109104,39.799577
"1005",-89.5158088,39.5753678
"1006",-89.2690071,39.4800841
"1007",-89.2049844,39.3998674
"1008",-89.4517437,39.5535471
"1009",-88.103613,39.8947071
"1010",-88.2670255,39.3671938
"1011",-88.195176,39.3149204
"1012",-88.3865649,39.6153298
"1013",-87.7777573,39.318607
"1014",-90.2587326,38.3851828
"1015",-89.8193422,38.5256201
"1016",-89.5364836,38.6981367
"1017",-89.6602444,38.6699717
"1018",-89.2943026,38.3511978
"1019",-88.233672,38.248185
"1020",-88.9703208,38.4401577
"1021",-88.1676148,38.70688
"1022",-88.4287356,38.6772904
"1023",-89.2352685,37.2325914
"1024",-89.7475091,37.9708433
"1025",-88.9437782,37.3198861
"1026",-88.5063589,37.5997248
"1027",-88.5193033,37.0730417
"1028",-89.7648861,42.1401616
"1029",-88.9154674,42.3994754
"1030",-90.5307719,41.3410603
"1031",-89.0833869,41.4844552
"1032",-88.5903464,41.311436
"1033",-91.1273048,40.0572405
"1034",-90.1357207,40.3045239
"1035",-90.550608,39.2888385
"1036",-89.8313118,39.3988002
"1037",-88.0246848,39.1055838
"1038",-88.2081104,38.0393916
"1039",-89.274296,37.2026548
"1040",-88.9445833,42.1740585
"1041",-91.3130559,39.9258337
"1042",-90.2808839,42.3972257
"1043",-89.3817229,42.4617907
"1044",-88.5617669,42.2186307
"1045",-90.9006359,41.0847167
"1046",-89.6694319,41.8306867
"1047",-88.4356718,41.5971421
"1048",-89.1297627,40.2639127
"1049",-88.8718234,40.7542777
"1050",-87.5396719,40.0813067
"1051",-90.4058819,39.8173797
"1052",-88.6689458,39.9526337
"1053",-87.706176,39.4014967
"1054",-89.3901378,38.8433817
"1055",-88.8800235,38.4982149
"1056",-89.0775209,37.8620527
"1057",-88.9472487,37.2950124
"1058",-87.2001879,41.3297597
"1059",-86.6205339,41.2735266
"1060",-86.2808379,41.0254887
"1061",-85.6760109,41.7259077
"1062",-84.9394079,41.6024567
"1063",-87.3633993,40.6790779
"1064",-87.0361216,40.4076491
"1065",-86.8139639,40.7078507
"1066",-86.1842198,40.5842651
"1067",-86.6959256,40.1495187
"1068",-85.5449749,40.0330447
"1069",-85.9044039,40.8532797
"1070",-84.8534885,40.7030618
"1071",-87.3743359,39.3319867
"1072",-86.2882699,39.6400767
"1073",-86.7031329,39.2638847
"1074",-85.4688349,39.6847217
"1075",-85.4421615,39.4677041
"1076",-85.7760939,39.5621707
"1077",-84.9764184,39.493804
"1078",-87.3919892,38.0976637
"1079",-86.7647789,38.7744667
"1080",-86.1929939,38.9190517
"1081",-85.9410399,38.6631267
"1082",-86.1463592,38.2672943
"1083",-87.4410458,37.9911389
"1084",-86.3655159,41.6368887
"1085",-86.0560979,40.2178547
"1086",-85.3574289,40.1346467
"1087",-87.1967394,41.5361624
"1088",-87.3693435,41.3911052
"1089",-85.4765733,41.750602
"1090",-87.0748779,40.9699502
"1091",-86.4502189,40.1985767
"1092",-84.9562309,40.8100197
"1093",-87.3561447,39.9820787
"1094",-87.0543672,39.125475
"1095",-86.5484989,38.7671667
"1096",-85.1623379,38.9509067
"1097",-87.6297459,37.9142237
"1098",-91.6797963,40.7698922
"1099",-92.8864804,40.6527332
"1100",-93.1717427,40.8887105
"1101",-90.2964159,41.9751747
"1102",-91.2703838,41.5687389
"1103",-92.3572989,41.8190707
"1104",-94.1444549,41.6586017
"1105",-94.0861889,41.7176327
"1106",-95.7265309,41.4483667
"1107",-90.6070319,42.0435847
"1108",-91.4172439,42.1986127
"1109",-94.5711599,42.0345317
"1110",-94.295246,42.6019638
"1111",-96.3743819,42.4902437
"1112",-91.8768028,43.0864727
"1113",-92.2585749,43.3492727
"1114",-94.0095139,43.2388517
"1115",-95.5844739,43.0405217
"1116",-95.1259581,40.6242636
"1117",-91.251362,41.7287592
"1121",-121.23765,61.44489
"1122",-123.3158,60.30449
"1125",-96.72108,49.72673
"1126",-97.68673,49.51762
"1127",-98.02424,49.38436
"1130",-95.68431,50.41315
"1131",-96.60014,50.07638
"1134",-101.22415,51.40373
"1135",-101.41828,52.11445
"1136",-96.96796,51.09698
"1137",-100.92107,52.37626
"1138",-100.01828,53.01433
"1139",-93.80821,58.62024
"1140",-95.40772,49.44727
"1141",-96.88941,49.56482
"1142",-97.5052,49.97542
"1147",-96.5319,50.66556
"1148",-97.31403,50.74626
"1152",-95.4268,49.23455
"1153",-97.84131,49.10385
"1157",-95.39231,50.08359
"1158",-96.55677,50.44475
"1159",-97.83294,50.71275
"1166",-96.17788,50.14935
"1167",-97.48267,50.27061
"1168",-94.9950424,37.0321381
"1169",-95.3249979,37.5148587
"1170",-95.5008159,37.8493327
"1171",-96.3936159,37.9847547
"1172",-97.349158,37.3190352
"1173",-97.2582029,37.2322087
"1179",-95.9097289,38.9715017
"1180",-95.8576087,38.5354618
"1181",-96.9002609,38.9939527
"1182",-96.5605733,38.3623234
"1183",-97.1112208,39.0607981
"1184",-98.0351929,38.5515107
"1189",-95.5671042,39.0805438
"1190",-95.5347369,39.251508
"1191",-96.8711409,39.9000807
"1192",-96.0269519,39.7690906
"1193",-97.0124144,39.9367553
"1194",-97.6123773,39.1902871
"1200",-96.1012279,37.3003447
"1201",-97.3687519,38.9147327
"1202",-94.7416989,37.3099157
"1203",-95.4488589,37.3690207
"1204",-96.4347911,37.7958024
"1205",-97.4634159,37.7959759
"1209",-94.6125164,38.215197
"1210",-95.1212223,38.680958
"1211",-96.9117521,38.5224225
"1212",-97.2078887,38.2039494
"1216",-95.2272709,39.7839097
"1217",-96.5297375,39.6529209
"1218",-97.8192021,39.5668011
"1222",-83.7017979,36.6082857
"1223",-88.8622638,36.9068375
"1224",-88.1808759,36.6896267
"1225",-87.9605863,36.792622
"1226",-87.0088713,36.664255
"1227",-86.6314152,36.9907469
"1228",-85.7169959,36.8194377
"1229",-85.2699359,36.7007807
"1230",-84.9933879,36.6171577
"1231",-84.8339909,36.8211687
"1232",-84.6612332,37.390468
"1233",-84.8112865,37.470864
"1234",-84.8137054,37.9849668
"1235",-85.1284099,37.4126457
"1236",-86.1387677,37.2573275
"1237",-86.8961593,37.8199855
"1238",-86.2962376,37.5961302
"1239",-86.0179129,37.6179677
"1240",-84.8237459,38.7213307
"1241",-84.1633637,38.4344957
"1242",-84.5727271,38.3791569
"1243",-84.0681929,38.1661827
"1244",-83.9295763,38.2051493
"1245",-83.5630719,37.7389457
"1246",-83.8,37.6333333
"1247",-87.3322,37.2448
"1248",-85.7373309,37.5839876
"1249",-87.3525878,37.1070839
"1250",-85.2042619,38.2698117
"1251",-83.0919895,38.4235754
"1252",-82.9964384,38.4390546
"1253",-90.5110779,30.7018587
"1254",-90.2491541,30.8801251
"1255",-91.8208203,30.0641124
"1256",-91.5109166,30.8692521
"1257",-93.3426979,30.0082047
"1258",-93.3184289,30.8315727
"1259",-91.4440435,31.9792958
"1260",-92.29532,31.46457
"1261",-92.6215889,32.4602687
"1262",-91.8769586,29.7156229
"1263",-92.2329247,29.8458497
"1264",-90.7326251,30.8571966
"1265",-91.5101169,30.3986037
"1266",-92.4508969,30.0808747
"1267",-92.0510279,31.8183596
"1268",-91.4269719,32.4856776
"1269",-91.9569658,29.9842321
"1270",-92.5966809,29.9956057
"1271",-90.9416869,30.2694157
"1272",-91.1039109,30.9782167
"1273",-92.2865819,30.4219427
"1274",-93.1678412,30.4099932
"1275",-91.5965299,31.7369095
"1276",-92.3835537,32.0001519
"1277",-93.6603126,31.4575093
"1278",-91.2622069,32.8550727
"1279",-92.5649569,32.9745407
"1280",-93.2537839,32.1111307
"1281",-89.9669461,29.6924898
"1282",-89.9634259,29.2604957
"1283",-90.5588309,29.7559597
"1284",-91.2072539,29.6995057
"1285",-92.4323269,30.6521557
"1286",-92.963258,31.5639297
"1287",-91.627441,32.551556
"1288",-91.65069,32.385442
"1289",-92.3460469,32.3059287
"1290",-93.482775,32.5540378
"1291",-93.5734938,31.6696396
"1292",-92.2696438,32.9487841
"1293",-93.5489809,32.7507357
"1294",-93.015843,29.7708689
"1295",-89.8453979,30.2700817
"1296",-93.1474655,31.4823534
"1297",-92.1260979,32.0511467
"1298",-91.5183169,32.9737057
"1299",-93.4428329,31.9877557
"1300",-92.8142323,31.9552681
"1301",-91.9109869,31.9003707
"1302",-92.962092,30.2754072
"1303",-91.2220645,29.7220402
"1304",-93.586986,30.161849
"1305",-90.146244,30.832203
"1306",-92.30674,29.55323
"1307",-92.4277429,30.7662177
"1308",-70.6441649,43.2540347
"1309",-70.5150099,43.4994247
"1310",-70.7139509,43.0811777
"1311",-70.9579919,44.9258167
"1312",-70.4462749,44.8937287
"1313",-70.5624489,44.1485557
"1314",-70.2908259,44.3340297
"1315",-69.9697909,44.0133537
"1316",-69.4360208,44.9876199
"1317",-69.1551509,44.5892047
"1318",-68.9653549,44.8325017
"1319",-68.2555749,44.8325837
"1320",-70.190779,45.233007
"1321",-70.2128823,45.0776834
"1322",-69.0300449,45.0524467
"1323",-69.9283749,45.8641277
"1324",-69.5938347,45.4006104
"1325",-68.4164439,45.8165007
"1326",-68.5330449,45.6133217
"1327",-68.9008541,46.1086984
"1328",-67.8046179,46.4662437
"1329",-68.7805811,46.5514025
"1330",-69.1934195,46.7135253
"1331",-70.238518,44.2435971
"1332",-69.8609276,44.324762
"1333",-69.5425659,44.5995807
"1334",-69.381667,46.619
"1335",-69.931633,46.289506
"1336",-69.8804671,45.4140603
"1337",-68.9269629,44.4594758
"1338",-70.979445,43.9167261
"1339",-79.1557785,39.5041468
"1340",-79.1698659,39.4387843
"1341",-78.6014791,39.5429312
"1342",-78.8123259,39.6151476
"1343",-77.8655019,39.6129717
"1344",-77.5681548,39.6486494
"1345",-77.5489971,39.5780009
"1346",-77.3304347,39.7148359
"1347",-77.0930269,39.1514457
"1348",-77.0002244,39.1152852
"1349",-77.0384304,39.516536
"1350",-77.0236228,39.6423121
"1351",-76.9692792,39.6359624
"1352",-76.8137896,39.5515705
"1353",-76.7644397,39.7002158
"1354",-76.8160804,39.3456735
"1355",-76.3159492,39.4890766
"1356",-76.8497577,39.0164522
"1357",-76.5442846,38.168955
"1358",-76.8406989,38.5217447
"1359",-77.0780349,38.6021387
"1360",-77.0558732,38.5960742
"1361",-76.00685,39.628083
"1362",-75.94228,39.52083
"1363",-75.9042529,39.5231571
"1364",-75.7640082,39.276509
"1365",-76.1481269,39.2640947
"1366",-76.192383,39.10312
"1367",-75.8845056,38.783977
"1368",-75.9331139,38.8211117
"1369",-76.075195,38.7863193
"1370",-76.1997997,38.4607494
"1371",-76.2432656,38.3676908
"1372",-76.2101023,38.5258637
"1373",-75.7964256,38.5203297
"1374",-75.7898657,38.4485307
"1375",-75.5797027,38.1651924
"1377",-79.1632229,39.6733819
"1378",-79.3101889,39.3377737
"1379",-78.9262269,39.7216828
"1380",-78.4762746,39.6399863
"1381",-78.4102428,39.6919359
"1382",-76.972531,38.558592
"1383",-79.1662387,39.5399409
"1384",-77.0169099,39.0308897
"1385",-77.3066703,39.2945828
"1386",-76.5142379,39.0378914
"1387",-76.6695275,38.9888945
"1388",-76.8166667,38.7166667
"1389",-76.5507449,38.4092014
"1390",-76.5743599,38.5019497
"1391",-75.5666203,38.3003961
"1393",-75.4112061,38.2015289
"1394",-76.52063,39.63115
"1399",-70.8188944,42.8153398
"1400",-71.4311953,42.4344551
"1401",-71.5305739,42.5199697
"1405",-72.2798896,42.6138086
"1406",-72.9055765,42.4645579
"1407",-72.8474923,42.3761743
"1409",-71.8486346,42.4447746
"1411",-73.3017328,42.5582487
"1412",-67.67612,47.75451
"1413",-66.51451,47.40475
"1414",-64.83911,46.99828
"1415",-65.22097,47.80494
"1416",-65.29641,47.26688
"1417",-64.81201,47.61835
"1418",-67.5403,46.35704
"1419",-66.9302,46.40997
"1420",-66.18177,46.01228
"1421",-65.85627,46.5308
"1422",-65.79167,46.95989
"1423",-64.96499,46.73222
"1424",-64.29218,45.86972
"1425",-67.42583,45.33027
"1426",-66.65618,45.08596
"1427",-65.79995,45.63438
"1428",-65.94536,45.71386
"1429",-68.2773,47.57713
"1430",-67.54301,47.08097
"1431",-66.21001,47.91594
"1432",-67.14385,46.83645
"1433",-66.25363,45.90808
"1434",-53.4743,46.70801
"1435",-55.53559,46.93472
"1436",-52.6783,47.58182
"1437",-53.49419,47.7166
"1438",-57.62376,47.61596
"1439",-59.19222,47.86874
"1440",-53.08542,48.70126
"1441",-53.87089,48.64839
"1442",-56.78723,48.80759
"1443",-57.74377,48.17505
"1444",-58.84443,48.22512
"1445",-53.88541,49.0163
"1446",-54.48369,49.26633
"1447",-56.0239,49.75178
"1448",-57.79948,49.85593
"1449",-56.12527,50.8746
"1450",-57.34239,50.69045
"1451",-55.59776,51.37223
"1452",-60.29987,53.29591
"1453",-63.9294,53.5353
"1454",-64.71288,53.48171
"1455",-66.52966,53.04657
"1456",-61.98748,53.11685
"1457",-59.2751,52.55614
"1458",-54.88036,47.58273
"1459",-57.92655,49.4923
"1460",-56.74056,51.31228
"1461",-57.03025,53.68051
"1462",-56.36639,51.93558
"1463",-89.3135462,46.8708967
"1464",-89.5588862,46.6630819
"1465",-89.6936659,46.4189747
"1466",-88.3744415,46.1592602
"1467",-88.159086,46.0873471
"1468",-88.7363589,46.2388167
"1469",-87.1371679,46.3041157
"1470",-87.7825469,46.3252627
"1471",-87.8440118,46.5791318
"1472",-86.3861779,46.3573017
"1473",-86.2594019,46.3459485
"1474",-86.1283614,44.4308
"1475",-86.2186454,43.9040607
"1476",-86.2366709,43.4369027
"1477",-86.0308829,42.0832547
"1478",-86.1296892,42.5137079
"1479",-86.5500939,41.8738037
"1480",-85.7410523,46.6724597
"1481",-85.2062669,46.6107147
"1482",-85.3837115,46.1439425
"1483",-85.3516521,44.8226403
"1484",-85.134166,42.5960376
"1485",-85.8872149,43.0602167
"1486",-85.4136135,42.2526585
"1487",-85.7234329,42.0493317
"1488",-85.8399439,42.6383227
"1489",-85.1256579,43.5961937
"1490",-85.7505398,41.7653686
"1491",-84.7918605,46.3398246
"1492",-84.3634339,46.2155937
"1493",-84.5561649,44.0897553
"1494",-84.2523673,44.8411714
"1495",-84.4865949,44.0453127
"1496",-84.5235839,43.1829747
"1497",-84.8081892,42.1013065
"1498",-83.9934149,41.9189847
"1499",-84.4196082,41.8177964
"1500",-83.6808466,44.3339914
"1501",-83.4224989,43.3504847
"1502",-82.674596,43.5141478
"1503",-82.8972629,42.6584657
"1504",-85.1220656,44.9421489
"1505",-85.8031169,44.1177897
"1506",-85.4353239,43.7069417
"1507",-85.193661,43.1119365
"1508",-84.9695693,44.8194449
"1509",-83.6078119,44.8590077
"1510",-83.2549351,43.2370751
"1511",-83.3724184,42.6793387
"1512",-82.5527429,42.7806417
"1513",-85.8088908,44.7824305
"1514",-91.6904455,43.8139858
"1515",-93.4993444,43.8179682
"1516",-94.287449,43.7677899
"1517",-93.3337301,44.6596006
"1518",-93.4716124,44.9718866
"1519",-94.0314709,44.6299537
"1520",-94.3011859,44.3009187
"1521",-95.1992649,44.5288767
"1522",-96.0833142,44.9793225
"1523",-93.8828669,45.6049323
"1524",-93.4714512,45.1025755
"1525",-94.196858,45.1642488
"1526",-95.6548459,45.1659077
"1527",-95.432057,45.0215533
"1528",-96.0968314,45.5499007
"1529",-92.6394206,46.704186
"1530",-93.6014381,46.3671876
"1531",-95.4769368,46.7456606
"1532",-96.6109471,46.9200866
"1533",-96.4727186,46.0800609
"1534",-89.9767373,47.9338065
"1535",-90.703063,47.7313654
"1536",-91.5398453,47.7051868
"1537",-91.8050812,47.0678994
"1538",-92.9862729,47.0684835
"1539",-93.6189603,47.3400313
"1540",-95.118355,47.7910956
"1541",-96.6336288,47.5136293
"1542",-96.3099816,47.9052911
"1543",-92.4914447,48.2729265
"1544",-93.5511929,48.2863627
"1545",-94.9927589,48.9594807
"1546",-94.5534156,48.2658023
"1547",-95.6360169,48.0787087
"1548",-95.5729652,48.3032362
"1549",-96.0733136,48.7823598
"1550",-96.5804121,48.818007
"1551",-93.0194666,43.6884582
"1552",-94.307851,43.5872553
"1553",-95.7747889,43.5869507
"1554",-92.3452484,44.5207119
"1555",-93.7073028,44.4856298
"1556",-94.8259589,45.2573787
"1557",-95.2156759,45.5994247
"1558",-96.1336199,45.6583777
"1559",-92.7409299,46.5918377
"1560",-93.0960859,46.3901207
"1561",-94.1041272,46.3731723
"1562",-95.8646727,46.1225194
"1563",-90.8706119,47.7885297
"1564",-91.342574,47.5532344
"1565",-93.9058145,47.7963921
"1566",-94.0772169,47.5569137
"1567",-96.5804582,47.4408422
"1568",-92.5689762,48.30338
"1569",-95.3086167,48.7854856
"1570",-96.3165607,48.7754769
"1571",-92.091025,43.89763
"1572",-94.4892239,47.2878002
"1573",-94.885001,47.5992113
"1574",-91.3943546,31.3905325
"1575",-90.4577249,34.5002597
"1576",-89.7223899,33.6380917
"1577",-89.8130614,31.603808
"1578",-89.7137542,30.7939126
"1579",-88.5438689,34.9746087
"1580",-88.6241136,33.1507326
"1581",-88.6571809,33.8691757
"1582",-88.7900629,31.2334957
"1583",-88.7684399,30.8158367
"1584",-91.11808,33.6053333
"1585",-89.2701391,31.0534826
"1586",-88.1386101,34.6420194
"1587",-91.5470139,31.0878235
"1588",-90.4983459,34.4218377
"1589",-89.3902589,33.5589457
"1590",-89.5109799,30.6193407
"1591",-90.097125,33.2231312
"1592",-88.7992689,30.4987757
"1593",-89.2477946,36.8252566
"1594",-90.7479869,36.5936897
"1595",-91.6865341,36.8637267
"1596",-92.5003493,36.857026
"1597",-93.9101019,36.6608617
"1598",-94.2388636,36.5642282
"1599",-89.526555,37.3066269
"1600",-90.3074923,37.2598585
"1601",-91.5529269,37.3759607
"1602",-91.4239279,37.9039787
"1603",-92.9258039,37.5143127
"1604",-93.513291,37.4542087
"1605",-93.8518459,37.7705887
"1606",-94.1191991,37.1404034
"1607",-91.9847259,38.0833137
"1608",-91.6100939,38.9160367
"1609",-92.900614,38.2794376
"1610",-92.434843,38.5860411
"1611",-92.1893609,39.4571477
"1612",-92.5567869,39.4294496
"1613",-93.8041794,39.3300772
"1614",-94.6654829,39.6539807
"1615",-92.4966959,40.0661717
"1616",-90.5490559,36.9623781
"1617",-90.9894119,36.7289917
"1618",-92.9744729,36.6429207
"1619",-93.3981849,36.8802807
"1620",-89.8075467,37.2408609
"1621",-90.0763459,37.6791707
"1622",-91.0309594,37.5165109
"1623",-91.8060379,38.3512407
"1624",-92.5999229,38.1619747
"1625",-91.1438533,39.1033113
"1626",-93.1267409,39.7948327
"1627",-94.5010299,39.3970207
"1628",-92.5154419,40.1681387
"1629",-94.1422189,40.1002567
"1630",-95.0331182,40.025462
"1631",-90.6467484,37.6701567
"1632",-93.2211229,38.4464167
"1633",-94.1050404,38.6698532
"1634",-91.2159803,39.5296983
"1635",-93.7397839,39.4087287
"1636",-94.0662299,39.7131417
"1637",-91.7164602,40.4712811
"1638",-90.9431159,38.4847647
"1677",-95.7947529,40.5520447
"1678",-97.5577459,40.2199177
"1679",-97.1583399,40.8872417
"1682",-96.1391528,41.1764063
"1683",-97.3498079,41.1630727
"1684",-97.1945039,41.4820177
"1687",-96.7354923,42.1915702
"1702",-97.134886,42.1847772
"1704",-116.5900339,41.2263817
"1705",-119.7796496,40.2636938
"1706",-116.3870941,39.5518146
"1707",-115.2707624,39.3621311
"1708",-114.4976522,39.2075029
"1709",-116.4033739,38.8779597
"1710",-115.0336839,37.6075607
"1711",-114.7461089,37.6959387
"1712",-114.7610923,36.5012519
"1713",-114.7110604,35.7087118
"1714",-119.3834746,39.9432554
"1715",-119.6696108,41.833551
"1716",-118.7255249,39.4020097
"1717",-117.19377,38.8931842
"1718",-115.2763589,36.9477957
"1719",-71.8661202,42.9015085
"1720",-72.1685998,42.8007764
"1721",-70.9134599,43.2321417
"1722",-71.686612,43.1841551
"1723",-71.2880123,43.1980043
"1724",-71.6191959,43.2494327
"1725",-71.1982777,43.2499219
"1726",-71.6070436,43.3742607
"1727",-71.204272,43.4146177
"1728",-71.8805982,43.4568165
"1729",-72.3814817,43.0263963
"1730",-72.2121162,43.0768236
"1731",-72.1318885,43.5045711
"1732",-71.3885019,44.3571867
"1733",-71.3190129,44.6075764
"1734",-71.5868762,44.6832807
"1735",-71.3006396,44.8672811
"1736",-71.0680056,42.9513695
"1737",-71.3537309,44.0969107
"1751",-75.4681439,39.6959057
"1770",-104.8270959,33.0896297
"1771",-103.6280881,33.3149504
"1772",-108.1067589,32.3245289
"1773",-106.7294539,32.3802337
"1774",-105.7457016,32.9576087
"1775",-104.3957139,32.6557967
"1776",-108.9941583,31.9280116
"1794",-108.7266319,32.3972197
"1795",-107.6265249,32.9200137
"1796",-105.5729156,32.5687748
"1797",-104.6971728,32.245658
"1798",-103.1450556,32.8420703
"1799",-108.3188559,31.9176187
"1800",-107.5695189,31.8359947
"1807",-107.4876559,32.5335077
"1808",-103.2960129,32.4717827
"1822",-73.9939669,42.3521387
"1823",-74.1520169,42.4363317
"1824",-74.9237879,42.3973547
"1825",-74.4021599,42.6548767
"1826",-74.4004979,42.4848037
"1828",-75.1557779,42.5686667
"1829",-75.9366669,42.3472227
"1830",-75.5570359,42.3180237
"1831",-75.7308889,42.5200097
"1832",-75.8032509,42.0123327
"1833",-75.0998799,42.4378997
"1834",-75.4667379,42.9082127
"1835",-76.0044449,42.3591667
"1836",-76.2599639,42.5202627
"1837",-76.0359509,42.0423777
"1838",-77.9436889,42.2779527
"1839",-77.1187369,42.8999277
"1840",-77.2581629,42.7793497
"1841",-77.2251299,42.6688307
"1842",-77.5926879,42.7071007
"1843",-77.5572209,42.9708677
"1844",-77.9559089,42.6940897
"1845",-78.8216099,42.6805707
"1846",-78.1784059,42.6178717
"1847",-78.8989789,42.2769437
"1848",-78.3611669,42.5957057
"1849",-78.1039209,42.6213397
"1850",-78.9408579,42.0548007
"1851",-78.2391139,42.4845267
"1852",-79.4116839,41.9986107
"1853",-78.8506549,43.0697617
"1854",-79.0022969,43.2572547
"1855",-78.1154029,43.1496467
"1856",-77.9620889,43.1759107
"1857",-76.6878269,43.2634447
"1858",-76.0264589,43.1693497
"1859",-76.0454869,44.0000587
"1860",-75.9023929,43.4558097
"1861",-75.4334429,43.0243237
"1862",-74.2428209,43.9701127
"1863",-74.3975289,43.5654587
"1864",-74.7918689,43.7217467
"1865",-73.3079649,43.2100377
"1866",-73.4141749,43.2108147
"1867",-73.5108119,43.0332427
"1868",-73.7371009,43.6098217
"1869",-73.7953919,43.5327757
"1870",-75.0557089,44.4354227
"1871",-74.9230359,44.1319167
"1872",-74.1807169,44.4319917
"1873",-74.7210849,44.5376687
"1874",-74.7117029,44.6461827
"1875",-73.4887779,44.4433387
"1876",-78.5902949,42.0836187
"1877",-75.7014799,44.1487467
"1878",-73.7328189,42.8235737
"1880",-74.9252479,42.5913477
"1881",-75.6038909,42.4021987
"1882",-77.840635,42.5032347
"1883",-78.6972222,42.9563889
"1884",-74.85,43.5833333
"1885",-74.4929809,44.5249717
"1888",-74.6305979,44.1294587
"1889",-76.65516,34.95713
"1890",-77.8775469,34.1327657
"1891",-78.0716243,34.5342189
"1892",-78.5992368,34.3209605
"1893",-77.4434709,35.9691437
"1894",-77.7112775,35.2819414
"1895",-78.3220803,35.6755372
"1896",-78.0698959,35.4161407
"1897",-79.4688523,35.9898149
"1898",-79.7044966,35.917637
"1899",-80.2919201,35.2194291
"1900",-83.8316649,35.4291357
"1901",-76.9786679,36.3581287
"1902",-77.9795614,36.2540309
"1903",-78.4863356,36.0593305
"1904",-80.6415019,36.2898447
"1905",-81.1034324,36.1431731
"1906",-81.8815194,36.0168463
"1907",-78.2125169,33.9225168
"1908",-79.2005609,34.4715967
"1909",-76.9044781,35.0476517
"1910",-76.9896438,35.6919219
"1911",-81.0657464,35.8549613
"1912",-81.6361686,35.3743051
"1913",-81.6405339,35.8278747
"1914",-82.4803436,35.5865273
"1915",-76.8406017,34.9312881
"1916",-77.6299645,34.7739701
"1917",-77.7928721,34.5909333
"1918",-78.0548779,34.4014777
"1919",-78.5809019,34.8933417
"1920",-79.8554411,34.8475995
"1921",-76.543981,35.4900673
"1922",-77.7211309,35.8648907
"1923",-78.9085878,35.5245603
"1924",-78.0169365,35.3169181
"1925",-79.8019587,35.3388703
"1926",-80.6631699,35.2425117
"1927",-80.7208082,35.9287265
"1928",-81.4564775,35.5089219
"1929",-81.4548416,35.4626322
"1930",-82.3863829,35.2966047
"1931",-84.0448309,35.1673667
"1932",-76.7205313,36.2872477
"1933",-77.8356539,35.9991587
"1934",-78.9520912,36.0899346
"1935",-79.6916268,36.2588525
"1936",-80.6901489,36.3382527
"1937",-81.5907129,36.2714197
"1938",-76.4471289,36.1444727
"1939",-77.3771141,36.5332729
"1940",-78.4392029,36.4516207
"1941",-79.4955592,36.2956484
"1942",-80.5361312,36.4958508
"1943",-81.4877504,36.5567273
"1944",-80.6053549,36.3460787
"1945",-79.1152367,36.4747308
"1946",-78.2113363,36.176991
"1947",-77.694212,36.4653338
"1948",-76.0089199,36.1860407
"1949",-83.9654629,34.9969557
"1950",-82.8386369,35.1436807
"1951",-77.1960089,35.1020747
"1952",-78.052876,35.2683392
"1953",-77.2310819,35.7523027
"1954",-79.3606499,35.1749287
"1955",-79.2812189,34.9528807
"1956",-77.3607189,34.9002767
"1957",-79.3326419,35.5906977
"1958",-75.9245906,36.4199384
"1959",-93.98366,61.09635
"1960",-60.9298,46.7198
"1961",-60.73225,45.58382
"1962",-60.63001,45.79803
"1963",-60.33924,46.15386
"1964",-62.11729,45.68557
"1965",-63.55918,45.71858
"1966",-63.9122,45.65198
"1967",-64.04303,45.98404
"1968",-62.5792,44.9369
"1969",-63.54984,44.85273
"1970",-64.61365,44.73024
"1971",-64.46916,44.52484
"1972",-65.46909,44.75239
"1973",-65.92385,44.11857
"1974",-65.24425,43.79576
"1975",-65.62198,43.41355
"1976",-63.44884,45.29564
"1977",-80.37183,42.67885
"1978",-82.72987,42.11611
"1979",-79.91673,43.95838
"1980",-79.76023,43.55513
"1981",-80.85084,43.09018
"1982",-81.69966,43.83194
"1983",-81.5323,43.77228
"1984",-75.58905,44.94773
"1985",-76.7748,44.26177
"1986",-77.37166,44.0782
"1987",-77.00984,44.35414
"1988",-78.39805,44.20242
"1989",-79.64115,44.72102
"1990",-80.74133,44.593
"1991",-81.23315,44.3202
"1992",-76.91573,45.56464
"1993",-77.74688,45.50222
"1994",-82.24279,42.70078
"1995",-91.47084,48.70389
"1996",-89.9916,48.23844
"1997",-81.73699,45.78934
"1998",-79.0951,46.27446
"1999",-79.87304,48.282
"2000",-78.88372,46.09071
"2001",-88.31655,49.30887
"2002",-79.71763,47.47971
"2003",-82.29428,46.46036
"2004",-78.115357,44.83456
"2005",-79.62024,45.11569
"2006",-93.63376,48.84596
"2007",-94.24841,49.72531
"2008",-94.34563,50.75942
"2009",-81.59532,44.16737
"2010",-82.83119,45.81092
"2011",-84.36007,46.74974
"2012",-85.79199,49.15011
"2013",-84.55784,48.08636
"2014",-81.49504,49.48807
"2015",-92.89039,48.72237
"2016",-94.16309,48.67914
"2017",-85.75901,48.71426
"2018",-92.65855,50.03702
"2019",-80.86188,49.05874
"2020",-90.04333,52.06166
"2021",-76.36333,44.845
"2022",-78.07563,44.2882
"2023",-79.18377,44.33161
"2024",-74.96719,45.17213
"2025",-78.99547,45.32436
"2026",-93.09186,49.85182
"2027",-83.55051,46.29842
"2028",-83.94054,47.6037
"2029",-81.65363,42.94872
"2030",-79.97389,43.87942
"2031",-80.20405,43.14654
"2032",-80.53841,43.54414
"2033",-81.15629,43.3777
"2034",-81.19779,43.81091
"2035",-75.97061,44.7746
"2036",-76.54203,44.65798
"2037",-77.40555,44.35817
"2038",-77.54573,44.88081
"2039",-77.36666,44.26666
"2040",-79.57067,44.99081
"2041",-79.96892,44.02166
"2042",-74.46666,45.5
"2043",-75.55894,45.17238
"2044",-76.11583,45.4745
"2045",-77.41658,45.99484
"2046",-79.39401,45.70066
"2047",-81.0119,48.58061
"2048",-80.2726,45.52651
"2049",-81.35751,46.2839
"2050",-80.41601,46.36231
"2051",-79.77074,47.98789
"2052",-80.69264,47.95967
"2053",-78.50863,45.04637
"2054",-79.03329,45.21232
"2055",-85.27316,48.59287
"2056",-90.43318,49.09412
"2057",-89.35359,49.16465
"2058",-81.84851,48.23833
"2059",-86.17162,49.43124
"2060",-81.66778,47.74664
"2061",-93.20644,50.1338
"2062",-93.23289,50.63737
"2063",-90.69727,50.22283
"2064",-89.15741,50.0685
"2065",-90.16285,51.47852
"2066",-89.8909,51.64789
"2067",-79.66226,46.01461
"2068",-82.16123,45.82761
"2069",-81.12374,44.78065
"2070",-80.63047,43.89873
"2071",-78.36907,43.98663
"2072",-79.29061,43.0067
"2073",-80.22835,43.38382
"2074",-76.67859,44.54259
"2075",-76.60416,44.51333
"2076",-77.67097,44.50763
"2077",-78.56487,44.52238
"2078",-79.04431,44.58798
"2079",-74.71319,45.15846
"2080",-75.92689,45.23886
"2081",-77.02318,45.37971
"2082",-78.09241,45.07239
"2083",-79.5929,45.45507
"2084",-80.042,45.38073
"2085",-79.43699,45.728
"2086",-97.6746757,46.1531849
"2087",-97.0100549,46.4854717
"2091",-97.6029243,47.845638
"2092",-97.4077439,47.9619307
"2097",-97.1848759,48.7529697
"2098",-97.5356201,48.4560524
"2107",-96.7567323,46.4129929
"2125",-84.1216579,41.3867557
"2126",-84.5147859,41.6511517
"2127",-82.9962929,41.0376017
"2128",-83.087075,41.4427171
"2129",-83.7075339,41.1974257
"2130",-82.2354939,41.2506217
"2131",-81.002582,41.1788496
"2132",-81.0750897,41.4687714
"2133",-80.7420743,41.6803821
"2134",-80.9900079,41.3710349
"2135",-84.1838359,40.4824537
"2136",-84.1972889,40.9809757
"2137",-83.7262559,40.1540697
"2138",-83.2978987,40.246894
"2139",-82.6249903,40.4606653
"2140",-82.1083506,40.8786396
"2141",-82.7639629,40.4600977
"2142",-81.1683844,40.6059796
"2143",-81.8999167,40.1062833
"2144",-84.6652972,39.493375
"2145",-83.8637013,39.3611652
"2146",-83.8036269,39.6821707
"2147",-82.6751939,39.1991097
"2148",-82.1680389,39.3166637
"2149",-82.9107789,39.1527143
"2150",-82.5305735,39.9655986
"2151",-82.2853793,39.2309737
"2152",-81.3554829,39.4158977
"2153",-81.8827139,39.2701767
"2154",-81.6718899,39.8938347
"2155",-83.4163514,38.6696358
"2156",-82.7884369,38.8817267
"2157",-83.4580032,41.5440972
"2158",-82.8822098,41.4083645
"2159",-81.0505989,41.3256857
"2160",-82.8994756,40.0945941
"2161",-81.5841149,40.3076787
"2162",-81.4172305,40.1037173
"2163",-83.8484908,39.5569036
"2164",-83.4658472,39.8496832
"2165",-83.9166709,39.8881087
"2166",-81.5807429,39.5671857
"2167",-94.7071599,34.5662622
"2168",-96.828193,34.448321
"2169",-94.8876259,35.8426817
"2170",-95.6484468,35.1693515
"2171",-96.434896,35.1013362
"2172",-96.1218109,35.7262277
"2173",-97.4236139,35.1750957
"2176",-94.6982489,36.9292257
"2177",-95.1256319,36.9173437
"2178",-95.8134099,36.4091897
"2179",-96.0624096,36.7671854
"2180",-97.6037139,36.2318987
"2185",-94.5655139,33.9247807
"2186",-94.9309459,34.5280637
"2187",-97.4574519,34.4198537
"2188",-95.5709839,35.7256547
"2189",-96.2929845,35.9702777
"2192",-94.6654907,36.3215256
"2193",-95.6865475,36.2929021
"2194",-96.3635719,36.7524787
"2200",-95.3548669,34.5284297
"2201",-96.0493689,36.3614547
"2202",-63.99116,47.01855
"2203",-62.36825,46.31964
"2204",-63.52906,46.22164
"2205",-76.11098,45.55411
"2206",-76.29326,46.26955
"2207",-73.33089,45.08068
"2208",-73.40518,45.72505
"2209",-74.09216,45.78486
"2210",-74.1781,45.42771
"2211",-72.56856,45.94331
"2212",-72.86899,45.24805
"2213",-76.02778,46.36548
"2214",-74.74944,46.63097
"2215",-73.89569,46.03683
"2216",-72.39422,46.16008
"2217",-71.56199,46.6642
"2218",-71.07816,46.04703
"2219",-70.93779,46.51041
"2220",-70.62082,47.6483
"2221",-70.08943,47.33844
"2222",-79.1466,49.03846
"2223",-71.45458,48.84299
"2224",-70.02851,48.14724
"2225",-68.91577,47.94668
"2226",-67.6717,48.56846
"2227",-64.61679,48.91328
"2228",-61.90239,47.39233
"2229",-77.08658,50.13922
"2230",-77.64675,49.76296
"2231",-69.36874,48.8409
"2232",-63.50254,50.26536
"2233",-70.86378,45.38563
"2234",-73.63845,50.4371
"2235",-74.23159,50.03543
"2236",-68.6295,50.80844
"2237",-61.99508,50.21951
"2238",-72.27544,46.37695
"2239",-71.07196,46.88938
"2240",-70.53163,46.27008
"2241",-79.36739,47.20056
"2242",-78.85035,47.63854
"2243",-73.38709,47.06762
"2244",-72.82739,47.4504
"2245",-70.75269,47.1705
"2246",-71.78683,48.09664
"2247",-70.63801,48.20147
"2248",-64.31785,48.41961
"2249",-67.38531,50.23975
"2250",-76.65324,45.58996
"2251",-75.00038,46.39086
"2252",-71.80553,46.32389
"2253",-78.99318,46.6391
"2254",-72.7042,48.76247
"2255",-71.51713,47.81612
"2256",-71.08281,47.09702
"2257",-79.01686,48.19964
"2258",-77.99408,48.35733
"2259",-70.58414,48.03332
"2260",-69.10806,48.62983
"2261",-67.62379,49.32928
"2262",-66.79284,50.63438
"2263",-75.85907,45.52493
"2264",-74.68304,45.79067
"2265",-72.38092,45.30282
"2266",-71.86081,45.45069
"2267",-75.91864,46.38083
"2268",-73.42698,46.32684
"2269",-72.81298,46.60491
"2270",-70.02229,46.73835
"2271",-69.42401,47.54839
"2272",-77.94251,48.70494
"2273",-67.83768,48.66746
"2274",-66.25886,48.22419
"2275",-66.8244,48.04603
"2276",-73.81483,46.55837
"2277",-71.72239,46.55175
"2278",-70.61501,47.64208
"2279",-71.04081,47.34389
"2280",-106.73266,52.95846
"2281",-107.97894,52.23764
"2282",-107.43122,53.4825
"2283",-107.23426,54.70829
"2290",-104.47251,51.27037
"2291",-105.82708,51.41636
"2292",-106.63717,51.56189
"2293",-104.23693,52.66722
"2294",-106.21899,52.0567
"2295",-107.40788,52.23109
"2296",-105.53702,53.29236
"2297",-108.62506,53.27804
"2298",-108.62772,54.42174
"2299",-104.84993,51.99818
"2300",-107.13764,51.6997
"2301",-103.60089,52.08582
"2304",-123.3149615,45.76385
"2305",-122.7875574,45.3836599
"2306",-121.9218136,45.0787281
"2308",-123.8027616,44.5508867
"2309",-121.2737049,44.1598087
"2313",-122.5593339,43.9074737
"2317",-123.2140269,42.9708857
"2318",-121.8048799,42.373981
"2319",-123.2611839,44.7201827
"2320",-122.7713389,44.7117487
"2322",-123.0213309,45.2250267
"2323",-122.2563686,45.2552468
"2324",-121.4834369,45.5378447
"2326",-123.5888313,43.6488244
"2327",-122.3456805,43.2980868
"2328",-121.8048399,43.9851247
"2330",-119.4780049,42.0147517
"2331",-124.1984709,43.5201617
"2332",-122.7954061,42.5330796
"2334",-123.368287,46.0240767
"2335",-121.7938709,44.4919169
"2337",-121.01745,42.38999
"2338",-123.6071629,45.3325047
"2339",-122.7018488,45.2946161
"2340",-121.3798835,45.2220066
"2342",-121.0586193,44.6282948
"2346",-124.0250629,42.7851549
"2348",-122.4215469,42.4934857
"2349",-120.7495196,42.3450345
"2350",-123.4029079,45.0082537
"2351",-122.9589506,44.9709099
"2352",-121.5215586,44.3919161
"2354",-123.2383928,43.8371705
"2355",-121.7738733,43.2756335
"2356",-122.5754307,42.7381828
"2357",-121.8315359,42.8675627
"2358",-120.1599889,42.0624827
"2362",-80.4945401,41.6375228
"2363",-80.3392441,41.0816642
"2364",-80.3204561,41.7146604
"2365",-79.9582379,41.8051937
"2366",-79.3470999,41.5335247
"2367",-79.9481349,41.7528857
"2368",-79.0916519,41.2987587
"2369",-79.0433273,41.6359508
"2370",-79.2031479,41.3997727
"2371",-78.0649572,41.1631773
"2372",-78.08346,41.6976452
"2373",-78.3955159,41.6864267
"2374",-78.8505629,41.5603287
"2375",-78.7387779,41.4207597
"2376",-78.6077306,41.6212967
"2377",-78.1593319,41.7379447
"2378",-77.2415709,41.2725507
"2379",-77.1203469,41.6588017
"2380",-77.9672237,41.553018
"2381",-77.4017208,41.8772966
"2382",-77.2939995,41.0712247
"2383",-77.9110382,41.6430967
"2384",-76.6638159,41.3121387
"2385",-76.903319,41.8749574
"2386",-76.0235889,41.7460317
"2387",-76.0658601,41.9588688
"2388",-76.9073399,41.4410897
"2389",-76.4559998,41.2289
"2390",-76.4792479,41.1152527
"2391",-75.3893569,41.1159967
"2395",-75.6172024,41.9413666
"2396",-75.4205569,41.7952107
"2397",-80.3072164,40.6944365
"2398",-80.3456272,40.1607284
"2399",-80.3260179,40.0771657
"2400",-79.2376019,40.6243617
"2401",-79.5569899,40.8479343
"2402",-79.4811859,40.4897627
"2403",-79.7089598,40.9651065
"2404",-79.2349941,40.6673234
"2405",-79.3662002,40.8006168
"2406",-78.9943469,40.4757717
"2407",-78.5766909,40.6677047
"2408",-78.329529,40.335141
"2409",-78.0608234,40.9149712
"2410",-78.203532,40.428119
"2411",-78.339499,40.4467888
"2412",-78.2178879,40.7309987
"2413",-78.1386279,40.5712157
"2414",-77.8241719,40.7666107
"2415",-77.6852029,40.3760787
"2416",-77.5415709,40.7019007
"2417",-77.0638289,40.0572077
"2418",-77.8942099,40.6956947
"2419",-77.3969039,40.5680517
"2420",-76.7190419,40.2118951
"2421",-76.7674909,40.4840637
"2422",-75.9610008,40.7874732
"2423",-75.4610252,40.168557
"2424",-75.9991309,40.6899507
"2426",-80.0595075,39.9302972
"2427",-79.0688169,39.8744757
"2428",-78.9557489,39.7803177
"2429",-80.0351733,41.0707632
"2430",-79.1534323,41.9931298
"2431",-77.2775949,41.4517767
"2432",-77.0343089,41.2137917
"2433",-76.9628251,41.546735
"2434",-80.1512697,40.9179173
"2435",-79.5781489,40.3748197
"2436",-79.2656249,40.1983067
"2437",-77.3695842,40.3267106
"2438",-77.668064,40.238028
"2439",-76.9345269,40.5023917
"2440",-76.464419,40.1439152
"2441",-76.4627658,40.2721512
"2442",-76.283221,40.18613
"2443",-76.3233736,40.2953187
"2445",-75.6611919,40.2282327
"2446",-79.4174638,39.9853173
"2447",-78.1771689,39.8666007
"2448",-77.2339653,39.9812621
"2449",-77.4911579,39.7442404
"2450",-76.4670089,39.7690727
"2451",-76.8883173,39.9214279
"2452",-75.8170428,39.7863078
"2453",-76.1717449,40.2005127
"2454",-79.6942904,33.2862522
"2455",-81.0334581,32.2511024
"2456",-79.4348459,33.6458617
"2457",-79.7849141,34.0240154
"2458",-81.4906299,33.6937497
"2459",-80.2141711,34.1944419
"2460",-83.2805093,34.6616003
"2461",-82.2729506,33.8064239
"2462",-82.15584,35.055104
"2463",-83.014022,34.926442
"2464",-81.5465039,35.0799639
"2465",-82.0911916,34.0395565
"2466",-81.0479519,33.1451427
"2467",-79.327825,33.6193783
"2468",-80.6830998,32.5362314
"2469",-80.2609479,32.9525947
"2470",-81.4778659,34.0867789
"2471",-82.6539427,34.6896995
"2472",-82.1092506,34.7522612
"2473",-81.9817129,35.0971457
"2474",-96.8856776,43.3306215
"2475",-97.8751124,43.284162
"2476",-97.4702229,43.9499467
"2481",-96.9486732,44.2320836
"2482",-97.9423379,44.9067977
"2483",-97.6708995,44.0157709
"2486",-96.7190699,45.4278547
"2487",-97.3322679,45.8489747
"2488",-97.7103493,45.7331549
"2513",-89.4379279,36.4175101
"2514",-89.3754293,35.0517759
"2515",-89.3824309,35.5377957
"2516",-89.0787139,35.3612207
"2517",-88.5485594,35.4115013
"2518",-88.8148959,35.3431047
"2519",-88.9027887,35.9420253
"2520",-86.9969029,36.1745577
"2521",-87.6852374,35.1607149
"2522",-87.3276749,35.8791357
"2523",-87.1440788,35.3492078
"2524",-87.6791989,35.4941757
"2525",-86.6658089,36.5086597
"2526",-86.6657259,35.3350377
"2527",-86.8259959,35.8589627
"2528",-86.1676666,35.7357596
"2529",-85.7051469,36.0984567
"2530",-85.6700349,36.5041157
"2531",-85.9158515,35.3801394
"2532",-85.6693511,35.1735485
"2533",-84.2932022,36.4907462
"2534",-84.3613059,36.2936637
"2535",-84.1514213,35.9135129
"2536",-84.3482669,36.0487507
"2537",-83.5013209,36.1754317
"2538",-83.9205469,35.9074137
"2539",-82.9128272,36.0465477
"2540",-82.077152,36.3180044
"2541",-87.7500558,36.5507429
"2542",-85.3637195,35.1093452
"2543",-85.1666632,35.3018852
"2544",-84.3982929,35.1013137
"2545",-83.8099149,35.7304657
"2546",-97.3519969,26.1912547
"2547",-98.135998,26.8901748
"2548",-98.6026759,26.9019917
"2549",-97.9466526,27.5323198
"2550",-98.8220264,27.0738442
"2551",-95.6139832,28.9083337
"2552",-97.9666688,28.9215455
"2553",-98.3175579,28.2807187
"2554",-98.38854,28.6737143
"2555",-94.3415601,29.6706502
"2556",-94.4007057,29.7343527
"2557",-95.2442265,29.1267731
"2558",-95.831598,29.7863554
"2559",-96.9354075,29.0185167
"2560",-96.5090789,29.5342447
"2561",-97.0259942,29.7858555
"2562",-97.7494969,29.8219637
"2563",-98.6494589,29.8739777
"2564",-97.9801349,29.2751357
"2565",-94.9336495,30.7110692
"2566",-95.5021369,30.5338929
"2567",-98.7351553,30.9594551
"2568",-99.1490406,30.3551169
"2569",-99.4476549,30.9858627
"2570",-95.8749629,31.8055475
"2571",-96.6110675,31.3143036
"2572",-97.9068817,31.1829158
"2573",-98.0448208,31.1320902
"2574",-98.1724883,31.4345362
"2575",-99.5652708,31.2869724
"2576",-99.1642919,31.5020577
"2577",-94.1555047,32.4388568
"2578",-95.7430805,32.1808084
"2579",-96.1349747,32.5698812
"2580",-97.7298261,32.6900934
"2581",-98.0495578,32.1649434
"2582",-99.2729117,32.2195028
"2583",-99.1330879,32.8297577
"2584",-94.7471681,33.3601066
"2585",-94.5044339,33.5678857
"2586",-95.8107075,33.0520824
"2587",-95.4858724,33.2195339
"2588",-96.7585531,33.6818377
"2589",-97.460791,33.0581596
"2590",-97.2713009,33.5610847
"2591",-98.9245219,33.3624717
"2593",-101.2407759,29.9214837
"2594",-103.0065204,29.1904253
"2595",-102.8239829,29.4492397
"2596",-100.9172129,31.1844187
"2597",-101.9691922,31.2059844
"2598",-103.4483656,30.2861238
"2599",-104.199257,31.840983
"2600",-101.5601204,33.1811653
"2601",-102.9569019,33.3441307
"2607",-102.8346237,32.1286341
"2608",-100.6269467,32.8875543
"2609",-102.3888389,31.0629737
"2610",-98.8715669,26.5738227
"2611",-99.778572,28.1788677
"2612",-95.8000355,30.7848996
"2613",-96.7200416,30.7618885
"2614",-97.5857079,30.6915827
"2615",-98.0582098,30.2495701
"2616",-95.9711149,31.8546877
"2617",-99.6563415,33.3645608
"2618",-104.0259486,30.0400667
"2619",-104.15497,30.93882
"2620",-99.1225297,26.780834
"2621",-99.266437,27.9766671
"2622",-96.0651288,33.3677874
"2623",-97.9422829,26.1561647
"2624",-98.5051649,27.2961057
"2625",-99.72838,27.7100642
"2626",-98.1198269,28.5116467
"2627",-94.0432501,29.9141577
"2628",-95.6187829,29.1806007
"2629",-100.0117796,29.5379301
"2630",-103.6103013,29.1679858
"2631",-104.3750526,29.5704974
"2632",-95.6260432,30.6060845
"2633",-96.6532289,30.2009897
"2634",-97.7817189,30.0926544
"2635",-98.8827669,30.5504297
"2636",-99.7103499,30.3038597
"2637",-101.322565,30.142815
"2638",-102.6068259,30.5964387
"2639",-103.3672874,30.6112157
"2640",-103.9442869,30.8111277
"2641",-93.9263149,31.6172317
"2642",-94.0901569,31.1248877
"2643",-95.3001789,31.5634237
"2644",-101.7186781,31.5830183
"2645",-103.5995099,31.7050087
"2646",-104.9764329,31.7554957
"2647",-105.3339159,31.2076027
"2648",-106.6131975,31.846782
"2649",-94.5702105,32.3870612
"2650",-95.2839819,32.0682917
"2651",-96.0240475,32.7789408
"2652",-97.4981958,32.3141319
"2653",-98.3699292,32.6265908
"2654",-100.6472268,32.0702794
"2655",-101.9072519,32.5696495
"2656",-101.9269126,32.0722749
"2657",-96.1615219,33.1368767
"2658",-97.5540547,33.2866481
"2659",-98.7516259,33.3828607
"2660",-100.6989509,33.3563297
"2662",-102.7840429,33.2702077
"2666",-97.65234,26.9305414
"2667",-103.3781816,30.2378528
"2668",-104.4532389,30.0746005
"2669",-103.9171669,30.561739
"2670",-97.695112,27.3477527
"2671",-99.4368652,27.0420753
"2672",-101.7373875,29.9439794
"2673",-105.55087,31.0025107
"2674",-98.6520979,31.6159727
"2675",-99.4248794,31.5930797
"2676",-94.044829,33.0955235
"2677",-97.160194,28.03785
"2678",-103.18383,31.696603
"2679",-113.1087879,41.4379387
"2680",-112.4954989,41.2587657
"2681",-114.0286489,40.4591417
"2682",-112.2278059,39.3549717
"2683",-111.9543769,39.9004437
"2684",-110.5606389,39.5972957
"2685",-112.6462479,38.2041397
"2686",-111.3539579,38.4740357
"2687",-110.7118149,38.3728587
"2688",-113.4586179,37.7942977
"2689",-112.7998329,37.4140427
"2690",-111.1870049,37.9276397
"2691",-110.3674399,37.8867207
"2692",-113.6309279,41.9667767
"2693",-111.2646329,39.5919247
"2694",-113.9835809,40.0358487
"2695",-112.0953299,40.0721647
"2697",-113.4837109,39.6107407
"2698",-110.6649019,39.0822697
"2700",-112.0016859,38.4908847
"2701",-111.1290969,38.2836597
"2702",-110.2806089,38.4728807
"2703",-109.8799969,38.7364137
"2704",-113.6579899,37.8962567
"2705",-112.8619309,37.0000397
"2706",-111.8435129,37.8217747
"2707",-110.7124489,37.5756917
"2708",-109.4037019,37.6748957
"2709",-112.0839389,41.5821437
"2710",-111.3388129,41.7238327
"2711",-112.4592049,40.0122597
"2713",-113.2671429,39.8792347
"2714",-110.9978409,39.2209137
"2715",-113.7700499,37.0690767
"2716",-112.3240509,37.4597237
"2717",-111.6624229,37.0775177
"2718",-111.7942819,41.6247767
"2719",-113.1803129,41.6548957
"2720",-110.5665511,38.6304603
"2721",-113.7944189,41.8445587
"2722",-112.4806369,40.5999027
"2723",-111.3142929,40.6360057
"2724",-110.8925939,40.4606587
"2727",-113.3740539,39.0134257
"2728",-112.6055759,38.5160977
"2729",-111.5181729,38.3096747
"2730",-110.1670069,38.9815407
"2731",-109.4157869,38.1882837
"2732",-113.5482669,37.6616527
"2733",-112.4560459,37.3250947
"2734",-111.6654509,37.7695327
"2735",-109.5097889,37.9027647
"2736",-109.38558,38.447119
"2737",-110.62786,39.6723067
"2738",-73.2805777,42.8089741
"2739",-72.9535464,43.0451274
"2740",-72.5853589,43.4717157
"2741",-72.7210716,43.7503293
"2742",-72.2608612,43.8966381
"2743",-73.0190299,43.4057997
"2744",-73.0950522,43.6132776
"2745",-71.9519914,44.4324199
"2746",-72.6813129,44.1638277
"2747",-72.6267127,44.3174883
"2748",-72.3791513,44.5503853
"2749",-73.1718258,44.5286856
"2750",-73.2760665,44.7616696
"2751",-72.1450781,44.1202726
"2752",-72.673169,44.534142
