"","Rockiness","Sandiness","VallyBotFlat","PPTann","Loaminess","cvTemp","T0"
"1",1.03153384796139,0.571682680578096,-0.593966663263337,-0.00598151697594343,-0.213453511442953,-1.05607314772922,0.537814768720486
"2",1.45588340098502,0.571682680578096,-0.593966663263337,-0.00598151697594343,-0.213453511442953,-1.05607314772922,0.537814768720486
"3",1.31443354997714,0.571682680578096,-0.593966663263337,-0.0454560814569519,-0.213453511442953,-1.05607314772922,-0.34045509410433
"4",0.465734443929871,0.571682680578096,-0.593966663263337,-0.0612459072493553,-0.213453511442953,-1.05607314772922,-0.834899261701423
"5",-0.241514811109522,0.571682680578096,-0.593966663263337,-0.108615384626565,-0.213453511442953,-1.05607314772922,-0.92194465954082
"6",1.5973332519929,0.571682680578096,-0.593966663263337,0.436133605211351,-0.213453511442953,-1.05607314772922,0.199627108648833
"7",1.5973332519929,0.571682680578096,-0.593966663263337,0.47560816969236,-0.213453511442953,-0.861979447223606,0.155683789725518
"8",0.465734443929871,0.571682680578096,-0.593966663263337,0.491397995484763,-0.213453511442953,-0.861979447223606,1.76797991515301
"9",-0.100064960101643,0.571682680578096,-0.593966663263337,0.467713256796158,-0.213453511442953,-1.05607314772922,1.34842446252714
"10",-0.382964662117401,0.571682680578096,-0.593966663263337,0.349289563353133,-0.213453511442953,-1.05607314772922,-1.12977376809154
"11",1.88023295400866,0.571682680578096,-0.593966663263337,0.0650726990898718,-0.213453511442953,-1.44426054874044,-0.401058024225444
"12",1.73878310300078,0.571682680578096,-0.593966663263337,-0.0296662556645485,-0.213453511442953,-1.63835424924605,-0.20999253472796
"13",1.03153384796139,0.571682680578096,-0.593966663263337,0.00191339592025827,-0.213453511442953,-1.63835424924605,1.95690406645026
"14",1.31443354997714,0.571682680578096,-0.593966663263337,0.00191339592025827,-0.213453511442953,-1.63835424924605,1.95690406645026
"15",1.88023295400866,0.571682680578096,-0.593966663263337,-0.0533509943531536,-0.213453511442953,-2.22063535076287,1.67656006927599
"16",2.02168280501654,0.571682680578096,-0.593966663263337,-0.116510297522767,-0.213453511442953,-2.22063535076287,1.53221552025298
"17",1.31443354997714,0.571682680578096,-0.0263398038785493,-0.155984862003776,-0.213453511442953,-2.22063535076287,1.86575035832099
"18",0.748634145945629,0.571682680578096,-0.593966663263337,-0.203354339380986,-0.213453511442953,-2.22063535076287,1.42033365834547
"19",-0.241514811109522,0.571682680578096,-0.593966663263337,-0.203354339380986,-0.213453511442953,-2.22063535076287,1.26694348495377
"20",-0.382964662117401,0.571682680578096,-0.593966663263337,-0.282303468343003,-0.213453511442953,-2.22063535076287,0.804435847085841
"21",-0.382964662117401,0.571682680578096,-0.593966663263337,-0.31388311992781,-0.213453511442953,-2.22063535076287,-0.453884837625147
"22",-0.382964662117401,0.571682680578096,-0.593966663263337,-0.305988207031608,-0.213453511442953,-2.22063535076287,-0.538326980023977
"23",0.465734443929871,0.571682680578096,-0.593966663263337,1.05193681111508,-0.213453511442953,-2.22063535076287,0.0232175496046458
"24",1.5973332519929,0.571682680578096,-0.593966663263337,1.00456733373787,-0.213453511442953,-2.22063535076287,0.0411038416857197
"25",1.5973332519929,0.571682680578096,-0.593966663263337,0.965092769256865,-0.213453511442953,-2.22063535076287,0.192848243717816
"26",1.5973332519929,0.571682680578096,-0.593966663263337,0.965092769256865,-0.213453511442953,-2.22063535076287,0.192848243717816
"27",1.88023295400866,0.571682680578096,-0.593966663263337,1.03614698532268,-0.213453511442953,0.690770156821273,-0.60299845272553
"28",2.02168280501654,0.571682680578096,-0.593966663263337,1.34404858827455,-0.213453511442953,0.690770156821273,-0.460942076522194
"29",0.182834741914114,0.571682680578096,-0.593966663263337,1.34404858827455,-0.213453511442953,0.690770156821273,-1.16955677279727
"30",-0.100064960101643,0.571682680578096,-0.593966663263337,1.30457402379354,-0.213453511442953,0.690770156821273,-1.1210156948526
"31",1.88023295400866,0.571682680578096,-0.593966663263337,4.33622057593499,-0.213453511442953,0.108489055304443,-0.667761697064236
"32",1.5973332519929,0.571682680578096,-0.593966663263337,4.03621388587932,-0.213453511442953,0.108489055304443,-0.678098242462209
"33",-0.382964662117401,-1.74540287433136,-0.593966663263337,4.17832231801095,4.67463190060068,0.302582755810053,-1.27105620348822
"34",0.182834741914114,-1.74540287433136,-0.593966663263337,4.4072747920008,4.67463190060068,0.302582755810053,-0.88155902108446
"35",0.748634145945629,0.571682680578096,-0.593966663263337,4.41516970489701,-0.213453511442953,0.302582755810053,-0.737557086173485
"36",-0.382964662117401,0.571682680578096,-0.593966663263337,4.43885444358561,-0.213453511442953,0.302582755810053,-1.20963038768731
"37",1.03153384796139,0.571682680578096,-0.593966663263337,1.19404524324671,-0.213453511442953,1.2730512583381,-0.182350917617547
"38",2.02168280501654,0.571682680578096,0.304256059279624,1.41510280434036,-0.213453511442953,1.2730512583381,1.44819858643963
"39",-0.100064960101643,0.571682680578096,-0.593966663263337,1.62037053964161,-0.213453511442953,1.2730512583381,-1.29748949404279
"40",-0.382964662117401,0.571682680578096,-0.593966663263337,1.54142141067959,-0.213453511442953,1.07895755783249,-1.07134888482552
"41",-0.665864364133158,0.571682680578096,-0.593966663263337,0.38086921493794,-0.213453511442953,0.690770156821273,-0.933015378036015
"42",-0.382964662117401,0.571682680578096,-0.593966663263337,0.412448866522746,-0.213453511442953,0.690770156821273,-0.944511305116685
"43",-0.665864364133158,0.571682680578096,-0.593966663263337,0.15191674094809,-0.213453511442953,0.496676456315663,-0.893470979586889
"44",1.88023295400866,0.571682680578096,-0.593966663263337,-0.242828903861994,-0.213453511442953,0.302582755810053,-0.134553189933815
"45",1.73878310300078,-1.74540287433136,-0.593966663263337,-0.31388311992781,-0.213453511442953,0.302582755810053,1.82209153147285
"46",-0.665864364133158,0.571682680578096,-0.593966663263337,-0.282303468343003,-0.213453511442953,0.302582755810053,1.84283498052394
"47",2.02168280501654,0.571682680578096,-0.593966663263337,-1.04811001927457,-0.213453511442953,2.04942606036054,-1.08438963446493
"48",1.73878310300078,0.571682680578096,-0.593966663263337,-1.30074723195302,-0.213453511442953,2.04942606036054,-1.03679380438293
"49",1.5973332519929,0.571682680578096,-0.593966663263337,-1.30074723195302,-0.213453511442953,2.04942606036054,-1.03679380438293
"50",0.182834741914114,0.571682680578096,-0.593966663263337,-1.41127601249985,-0.213453511442953,2.04942606036054,-1.01590657976696
"51",-0.52441451312528,-1.74540287433136,-0.593966663263337,-1.31653705774542,-0.213453511442953,2.04942606036054,1.24440742992362
"52",-0.52441451312528,0.571682680578096,-0.593966663263337,-0.274408555446801,-0.213453511442953,-0.279698345706777,-0.18593918863022
"53",-0.382964662117401,0.571682680578096,-0.593966663263337,-0.305988207031608,-0.213453511442953,-0.279698345706777,-0.460574989973583
"54",-0.52441451312528,0.571682680578096,-0.593966663263337,-0.321778032824011,-0.213453511442953,-0.279698345706777,0.0951389816412673
"55",-0.382964662117401,0.571682680578096,-0.593966663263337,-0.36125259730502,-0.213453511442953,-0.279698345706777,0.0362430039711948
"56",-0.52441451312528,0.571682680578096,-0.593966663263337,-0.266513642550599,-0.213453511442953,-0.279698345706777,-0.892296302631333
"57",-0.52441451312528,0.571682680578096,-0.593966663263337,-0.234933990965793,-0.213453511442953,-0.279698345706777,-0.906542319772014
"58",-0.665864364133158,0.571682680578096,-0.593966663263337,-0.298093294135406,-0.213453511442953,-0.279698345706777,-0.85994068242584
"59",-0.665864364133158,0.571682680578096,-0.593966663263337,-0.305988207031608,-0.213453511442953,-0.279698345706777,-0.797034284212192
"60",2.02168280501654,0.571682680578096,-0.593966663263337,0.933513117672058,-0.213453511442953,0.108489055304443,-0.975071260288555
"61",1.73878310300078,0.571682680578096,-0.593966663263337,0.822984337125235,-0.213453511442953,0.108489055304443,-0.760359278951376
"62",1.88023295400866,0.571682680578096,-0.593966663263337,0.744035208163218,-0.213453511442953,0.108489055304443,-0.740145046341193
"63",1.88023295400866,0.571682680578096,-0.593966663263337,0.61771660182399,-0.213453511442953,0.108489055304443,-0.417200655200615
"64",1.5973332519929,0.571682680578096,-0.593966663263337,0.507187821277167,-0.213453511442953,-0.0856046452011667,1.44314196923251
"65",1.31443354997714,0.571682680578096,-0.593966663263337,0.372974302041738,-0.213453511442953,-0.0856046452011667,1.91382340091618
"66",1.03153384796139,0.571682680578096,-0.593966663263337,0.120337089363284,-0.213453511442953,-0.0856046452011667,0.708390710696329
"67",0.748634145945629,0.571682680578096,-0.593966663263337,-0.0138764298721451,-0.213453511442953,-0.0856046452011667,0.781973209365416
"68",-0.665864364133158,0.571682680578096,0.453959846370117,-0.171774687796179,-0.213453511442953,0.302582755810053,1.83485390714623
"69",-0.665864364133158,0.571682680578096,1.17752815064084,-0.187564513588582,-0.213453511442953,0.302582755810053,1.95864772755616
"70",-0.665864364133158,0.571682680578096,1.77634329900281,-0.187564513588582,-0.213453511442953,0.302582755810053,1.99370449294852
"71",-0.665864364133158,0.571682680578096,1.86990816593437,-0.195459426484784,-0.213453511442953,0.302582755810053,1.93449037360298
"72",-0.665864364133158,0.571682680578096,1.88862113932068,-0.195459426484784,-0.213453511442953,0.302582755810053,1.8029785585085
"73",-0.665864364133158,-1.74540287433136,1.88862113932068,-0.203354339380986,-0.213453511442953,0.302582755810053,1.88716985843244
"74",-0.665864364133158,-1.74540287433136,1.88238348152524,-0.203354339380986,-0.213453511442953,0.302582755810053,1.87794986795316
"75",-0.665864364133158,0.571682680578096,1.88862113932068,-0.211249252277187,-0.213453511442953,0.302582755810053,1.78411336896446
"76",-0.665864364133158,0.571682680578096,1.89485879711612,-0.211249252277187,-0.213453511442953,0.302582755810053,1.44989330267238
"77",-0.665864364133158,0.571682680578096,1.89485879711612,-0.211249252277187,-0.213453511442953,0.302582755810053,1.79987667717273
"78",-0.665864364133158,-1.74540287433136,1.11515157268646,-0.250723816758196,-0.213453511442953,0.108489055304443,-0.910540504097303
"79",-0.665864364133158,-1.74540287433136,1.07772562591384,-0.266513642550599,-0.213453511442953,0.108489055304443,-0.875713167797829
"80",-0.665864364133158,-1.74540287433136,1.11515157268646,-0.266513642550599,-0.213453511442953,0.108489055304443,-0.906095697804537
"81",-0.665864364133158,-1.74540287433136,1.09643859930015,-0.274408555446801,-0.213453511442953,0.108489055304443,-0.866747078848004
"82",-0.665864364133158,-1.74540287433136,1.24614238639065,-0.290198381239204,-0.213453511442953,0.108489055304443,-0.876789955007088
"83",-0.665864364133158,-1.74540287433136,1.23990472859521,-0.298093294135406,-0.213453511442953,0.108489055304443,-0.907163307850081
"84",-0.665864364133158,-1.74540287433136,1.20871643961802,-0.305988207031608,-0.213453511442953,0.108489055304443,-0.902510485846436
"85",-0.665864364133158,-1.74540287433136,0.379107952824871,-0.298093294135406,-0.213453511442953,0.108489055304443,-0.931253362602682
"86",-0.665864364133158,0.571682680578096,3.14239035620356,-0.55073050681386,-0.213453511442953,-0.279698345706777,-0.873275101304137
"87",-0.665864364133158,0.571682680578096,3.14239035620356,-0.558625419710062,-0.213453511442953,-0.279698345706777,-0.778799259909938
"88",-0.665864364133158,0.571682680578096,3.14239035620356,-0.558625419710062,-0.213453511442953,-0.279698345706777,-0.573151257268879
"89",-0.665864364133158,0.571682680578096,3.14239035620356,-0.566520332606264,-0.213453511442953,-0.279698345706777,-0.338255633867235
"90",-0.665864364133158,-1.74540287433136,3.14239035620356,-0.574415245502465,-0.213453511442953,-0.279698345706777,-0.282663435134662
"91",-0.665864364133158,-1.74540287433136,3.14239035620356,-0.574415245502465,4.67463190060068,-0.279698345706777,-0.613334998123503
"92",-0.665864364133158,-1.74540287433136,3.14239035620356,-0.574415245502465,4.67463190060068,-0.279698345706777,-0.154333036794808
"93",-0.665864364133158,0.571682680578096,1.607926538526,-0.400727161786028,-0.213453511442953,-0.0856046452011667,-0.902678733847883
"94",-0.665864364133158,0.571682680578096,1.62040185411688,-0.400727161786028,-0.213453511442953,-0.0856046452011667,-0.904872075975834
"95",-0.665864364133158,0.571682680578096,1.62040185411688,-0.400727161786028,-0.213453511442953,-0.0856046452011667,-0.904872075975834
"96",-0.665864364133158,0.571682680578096,1.60168888073057,-0.40862207468223,-0.213453511442953,-0.0856046452011667,-0.90710824486779
"97",-0.665864364133158,0.571682680578096,1.607926538526,-0.400727161786028,-0.213453511442953,-0.0856046452011667,-0.649220767304806
"98",-0.665864364133158,0.571682680578096,1.607926538526,-0.400727161786028,-0.213453511442953,-0.0856046452011667,0.587952673151613
"99",-0.665864364133158,0.571682680578096,1.60168888073057,-0.400727161786028,-0.213453511442953,-0.0856046452011667,0.844735832014192
"100",-0.665864364133158,0.571682680578096,1.58297590734426,-0.400727161786028,-0.213453511442953,-0.0856046452011667,0.755191186589667
"101",-0.665864364133158,0.571682680578096,1.57673824954882,-0.400727161786028,-0.213453511442953,-0.0856046452011667,-0.00181163490148503
"102",-0.665864364133158,0.571682680578096,1.54554996057163,-0.392832248889826,-0.213453511442953,-0.0856046452011667,-0.508727567987639
"103",-0.665864364133158,0.571682680578096,1.53307464498076,-0.392832248889826,-0.213453511442953,-0.0856046452011667,-0.0311082005352191
"104",-0.665864364133158,0.571682680578096,1.2211917552089,-0.392832248889826,-0.213453511442953,-0.0856046452011667,-0.0424419977235856
"105",-0.665864364133158,0.571682680578096,-0.213469537741666,-0.274408555446801,-0.213453511442953,-0.473792046212386,0.212472078795649
"106",-0.665864364133158,0.571682680578096,-0.593966663263337,-0.266513642550599,-0.213453511442953,-0.473792046212386,0.198932703261044
"107",-0.665864364133158,0.571682680578096,-0.593966663263337,-0.266513642550599,-0.213453511442953,-0.473792046212386,-0.368506624527358
"108",-0.665864364133158,0.571682680578096,0.404058584006619,-0.258618729654398,-0.213453511442953,-0.473792046212386,-0.351504399217522
"109",-0.665864364133158,0.571682680578096,-0.244657826718852,-0.258618729654398,-0.213453511442953,-0.473792046212386,0.605294453518914
"110",-0.665864364133158,0.571682680578096,-0.593966663263337,-0.242828903861994,-0.213453511442953,-0.473792046212386,0.853643798927153
"111",-0.665864364133158,0.571682680578096,-0.593966663263337,-0.234933990965793,-0.213453511442953,-0.473792046212386,0.134435596670081
"112",-0.665864364133158,0.571682680578096,-0.593966663263337,-0.234933990965793,-0.213453511442953,-0.473792046212386,-0.0313223343552422
"113",-0.665864364133158,0.571682680578096,-0.593966663263337,-0.227039078069591,-0.213453511442953,-0.473792046212386,0.018836983457887
"114",-0.665864364133158,0.571682680578096,-0.593966663263337,-0.227039078069591,-0.213453511442953,-0.473792046212386,0.0885344828208399
"115",-0.665864364133158,0.571682680578096,-0.593966663263337,-0.219144165173389,-0.213453511442953,-0.473792046212386,-0.173678497906611
"116",-0.665864364133158,-1.74540287433136,-0.593966663263337,-0.219144165173389,-0.213453511442953,-0.473792046212386,-0.614986887592253
"117",-0.665864364133158,-1.74540287433136,-0.593966663263337,-0.211249252277187,-0.213453511442953,-0.473792046212386,-0.902593080319874
"118",-0.665864364133158,-1.74540287433136,-0.593966663263337,-0.211249252277187,4.67463190060068,-0.473792046212386,1.16770775464592
"119",-0.665864364133158,-1.74540287433136,-0.593966663263337,-0.171774687796179,4.67463190060068,-0.473792046212386,0.995259671272156
"120",-0.665864364133158,-1.74540287433136,-0.244657826718852,-0.298093294135406,4.67463190060068,-0.473792046212386,0.564315358475633
"121",-0.665864364133158,-1.74540287433136,-0.238420168923415,-0.298093294135406,4.67463190060068,-0.473792046212386,0.662957632196568
"122",-0.665864364133158,-1.74540287433136,0.578713002278862,-0.305988207031608,4.67463190060068,-0.473792046212386,-0.460960430849625
"123",-0.665864364133158,-1.74540287433136,0.578713002278862,-0.305988207031608,-0.213453511442953,-0.473792046212386,-0.460960430849625
"124",-0.665864364133158,-1.74540287433136,0.566237686687987,-0.298093294135406,-0.213453511442953,-0.473792046212386,-0.929108965347879
"125",-0.665864364133158,0.571682680578096,-0.257133142309727,-0.274408555446801,-0.213453511442953,-0.473792046212386,-0.903235481779943
"126",-0.665864364133158,0.571682680578096,-0.257133142309727,-0.274408555446801,-0.213453511442953,-0.473792046212386,-0.903235481779943
"127",-0.665864364133158,-1.74540287433136,1.15257751945909,-0.00598151697594343,4.67463190060068,0.302582755810053,1.71515004269873
"128",-0.665864364133158,-1.74540287433136,1.19624112402715,-0.00598151697594343,4.67463190060068,0.302582755810053,1.88983123590987
"129",-0.665864364133158,-1.74540287433136,1.14633986166365,-0.00598151697594343,4.67463190060068,0.302582755810053,1.99341082370963
"130",-0.665864364133158,-1.74540287433136,1.14633986166365,-0.00598151697594343,4.67463190060068,0.302582755810053,1.99341082370963
"131",-0.665864364133158,-1.74540287433136,1.14633986166365,-0.00598151697594343,-0.213453511442953,0.302582755810053,1.99341082370963
"132",1.88023295400866,0.571682680578096,-0.593966663263337,-1.22969301588721,-0.213453511442953,1.85533235985493,-0.680652553029628
"133",1.73878310300078,0.571682680578096,-0.593966663263337,-1.30864214484922,-0.213453511442953,1.85533235985493,0.23934587320855
"134",1.5973332519929,0.571682680578096,-0.593966663263337,-1.38759127381124,-0.213453511442953,1.85533235985493,-1.00529166040296
"135",1.45588340098502,0.571682680578096,0.622376606846922,-1.45075057698085,-0.213453511442953,1.85533235985493,-0.753268390454039
"136",1.17298369896927,0.571682680578096,-0.0512904350602983,-1.48233022856566,-0.213453511442953,1.85533235985493,0.747151991175085
"137",1.5973332519929,0.571682680578096,-0.593966663263337,-1.49812005435806,-0.213453511442953,1.85533235985493,0.877434066331722
"138",-0.665864364133158,0.571682680578096,-0.593966663263337,-1.49812005435806,-0.213453511442953,1.85533235985493,0.877434066331722
"139",1.88023295400866,0.571682680578096,-0.593966663263337,-0.321778032824011,-0.213453511442953,1.46714495884371,-0.718997802086625
"140",1.5973332519929,0.571682680578096,-0.593966663263337,-0.337567858616415,-0.213453511442953,1.46714495884371,-0.330510107691542
"141",1.88023295400866,0.571682680578096,-0.593966663263337,-0.432306813370835,-0.213453511442953,1.46714495884371,-0.81273641132903
"142",2.02168280501654,0.571682680578096,-0.593966663263337,-0.471781377851843,-0.213453511442953,1.46714495884371,-0.953624228685954
"143",1.5973332519929,0.571682680578096,-0.593966663263337,-0.527045768125255,-0.213453511442953,1.46714495884371,-1.1647112303556
"144",-0.665864364133158,0.571682680578096,-0.593966663263337,-0.527045768125255,-0.213453511442953,1.46714495884371,-1.1647112303556
"145",-0.665864364133158,0.571682680578096,-0.593966663263337,-0.124405210418969,-0.213453511442953,0.108489055304443,-0.241971891221126
"146",-0.665864364133158,0.571682680578096,-0.238420168923415,-0.132300123315171,-0.213453511442953,0.108489055304443,-0.223213768587101
"147",-0.665864364133158,0.571682680578096,-0.232182511127978,-0.148089949107574,-0.213453511442953,0.108489055304443,-0.304866053216487
"148",-0.665864364133158,0.571682680578096,-0.232182511127978,-0.148089949107574,-0.213453511442953,0.108489055304443,-0.304866053216487
"149",-0.665864364133158,0.571682680578096,-0.593966663263337,-0.171774687796179,-0.213453511442953,0.108489055304443,-0.513683236393888
"150",-0.665864364133158,0.571682680578096,-0.593966663263337,-0.203354339380986,-0.213453511442953,0.108489055304443,-0.509241489155694
"151",-0.665864364133158,0.571682680578096,-0.593966663263337,-0.234933990965793,-0.213453511442953,0.108489055304443,-0.850482085689962
"152",-0.665864364133158,0.571682680578096,-0.593966663263337,-0.266513642550599,-0.213453511442953,0.108489055304443,-0.902663438575024
"153",-0.665864364133158,0.571682680578096,0.51633642432449,-0.290198381239204,-0.213453511442953,0.108489055304443,-0.902730737775603
"154",-0.665864364133158,0.571682680578096,0.547524713301676,-0.298093294135406,-0.213453511442953,0.108489055304443,-0.905110682232431
"155",-0.665864364133158,0.571682680578096,0.921784181027909,-0.305988207031608,-0.213453511442953,0.108489055304443,-0.220720639111118
"156",-0.665864364133158,0.571682680578096,3.14239035620356,-0.534940681021457,-0.213453511442953,-0.0856046452011667,-0.741867294065094
"157",-0.665864364133158,0.571682680578096,3.14239035620356,-0.534940681021457,-0.213453511442953,-0.0856046452011667,-0.634350703031486
"158",-0.665864364133158,0.571682680578096,3.14239035620356,-0.527045768125255,-0.213453511442953,-0.0856046452011667,-0.478332801762643
"159",-0.665864364133158,0.571682680578096,3.13615269840813,-0.527045768125255,-0.213453511442953,-0.0856046452011667,-0.38705061334136
"160",-0.665864364133158,0.571682680578096,3.13615269840813,-0.519150855229054,-0.213453511442953,-0.0856046452011667,-0.410580861107329
"161",-0.665864364133158,0.571682680578096,3.13615269840813,-0.519150855229054,-0.213453511442953,-0.0856046452011667,-0.410580861107329
"162",1.5973332519929,0.571682680578096,-0.593966663263337,-0.179669600692381,-0.213453511442953,-0.473792046212386,1.34605369523403
"163",2.02168280501654,0.571682680578096,-0.593966663263337,-0.227039078069591,-0.213453511442953,-0.473792046212386,1.99326704814476
"164",1.5973332519929,0.571682680578096,-0.593966663263337,-0.227039078069591,-0.213453511442953,-0.473792046212386,1.99326704814476
"165",1.5973332519929,0.571682680578096,-0.593966663263337,-0.31388311992781,-0.213453511442953,-0.473792046212386,1.94091438820367
"166",1.31443354997714,0.571682680578096,-0.593966663263337,-0.337567858616415,-0.213453511442953,-0.473792046212386,1.92682438284615
"167",0.465734443929871,0.571682680578096,-0.593966663263337,-0.337567858616415,-0.213453511442953,-0.473792046212386,1.92682438284615
"168",-0.100064960101643,-1.74540287433136,-0.593966663263337,-0.337567858616415,-0.213453511442953,-0.473792046212386,1.92682438284615
"169",0.465734443929871,-1.74540287433136,-0.593966663263337,-0.487571203644247,-0.213453511442953,-0.473792046212386,1.71907786876887
"170",-0.382964662117401,-1.74540287433136,-0.593966663263337,-0.534940681021457,-0.213453511442953,-0.473792046212386,1.51130076414587
"171",-0.665864364133158,0.571682680578096,-0.593966663263337,-0.582310158398667,-0.213453511442953,-0.473792046212386,1.39465289521556
"172",-0.100064960101643,0.571682680578096,-0.151092959787294,-0.629679635775877,-0.213453511442953,-0.667885746717996,1.43366195911463
"173",-0.665864364133158,0.571682680578096,-0.151092959787294,-0.629679635775877,-0.213453511442953,-0.667885746717996,1.43366195911463
"174",0.182834741914114,0.571682680578096,1.23990472859521,-0.637574548672079,-0.213453511442953,-0.667885746717996,1.17689103647034
"175",-0.665864364133158,0.571682680578096,1.04653733693665,-0.31388311992781,-0.213453511442953,0.108489055304443,-0.917567152448633
"176",-0.665864364133158,-1.74540287433136,1.14010220386821,-0.298093294135406,-0.213453511442953,0.108489055304443,-0.901409226200603
"177",-0.665864364133158,-1.74540287433136,0.354157321643122,-0.305988207031608,-0.213453511442953,0.108489055304443,-0.817505477406402
"178",-0.665864364133158,-1.74540287433136,0.379107952824871,-0.31388311992781,-0.213453511442953,0.108489055304443,-0.83084295533927
"179",-0.665864364133158,-1.74540287433136,0.928021838823347,-0.305988207031608,-0.213453511442953,0.108489055304443,-0.701151277714984
"180",-0.665864364133158,-1.74540287433136,-0.593966663263337,-0.605994897087272,-0.213453511442953,-0.473792046212386,-0.552331331853489
"181",-0.665864364133158,-1.74540287433136,-0.219707195537103,-0.59809998419107,-0.213453511442953,-0.473792046212386,-0.424138590969364
"182",-0.665864364133158,-1.74540287433136,-0.593966663263337,-0.574415245502465,-0.213453511442953,-0.473792046212386,-0.394496352169021
"183",-0.665864364133158,0.571682680578096,-0.593966663263337,-0.558625419710062,-0.213453511442953,-0.473792046212386,0.228473993260519
"184",-0.665864364133158,0.571682680578096,-0.593966663263337,-0.558625419710062,-0.213453511442953,-0.473792046212386,0.300441311115717
"185",-0.665864364133158,0.571682680578096,-0.593966663263337,-0.558625419710062,-0.213453511442953,-0.473792046212386,0.0910306713513951
"186",-0.665864364133158,-1.74540287433136,-0.0762410662420472,-0.574415245502465,-0.213453511442953,-0.473792046212386,-0.123041967580287
"187",-0.665864364133158,-1.74540287433136,-0.593966663263337,-0.566520332606264,-0.213453511442953,-0.473792046212386,0.0454109905227561
"188",-0.665864364133158,-1.74540287433136,0.304256059279624,-0.108615384626565,-0.213453511442953,0.302582755810053,-0.651395755105326
"189",-0.665864364133158,-1.74540287433136,-0.282083773491476,-0.0849306459379604,4.67463190060068,0.302582755810053,-0.707397867150515
"190",-0.665864364133158,-1.74540287433136,-0.593966663263337,-0.0770357330417587,4.67463190060068,0.302582755810053,-0.690001023800923
"191",-0.665864364133158,-1.74540287433136,-0.593966663263337,-0.0296662556645485,4.67463190060068,0.302582755810053,-0.572466029044805
"192",-0.665864364133158,-1.74540287433136,-0.593966663263337,0.00191339592025827,4.67463190060068,0.302582755810053,-0.311406311890908
"193",-0.665864364133158,-1.74540287433136,-0.593966663263337,0.0729676119860735,-0.213453511442953,0.302582755810053,0.221637006292638
"194",-0.382964662117401,-1.74540287433136,-0.593966663263337,0.120337089363284,-0.213453511442953,0.302582755810053,0.230171768547845
"195",-0.665864364133158,0.571682680578096,-0.593966663263337,-0.424411900474633,-0.213453511442953,0.302582755810053,-0.758208763587429
"196",-0.665864364133158,0.571682680578096,0.416533899597494,-0.440201726267037,-0.213453511442953,0.302582755810053,-0.546142864454821
"197",-0.665864364133158,0.571682680578096,0.584950660074299,-0.448096639163238,-0.213453511442953,0.302582755810053,-0.912614543096956
"198",-0.665864364133158,0.571682680578096,0.503861108733615,-0.448096639163238,-0.213453511442953,0.302582755810053,-0.913819810598228
"199",-0.665864364133158,0.571682680578096,0.304256059279624,-0.463886464955642,-0.213453511442953,0.302582755810053,-0.904875135030406
"200",2.02168280501654,0.571682680578096,-0.593966663263337,-0.945476151623945,-0.213453511442953,2.04942606036054,-1.27627495058764
"201",1.73878310300078,0.571682680578096,-0.593966663263337,-0.984950716104954,-0.213453511442953,2.04942606036054,-1.26966739271264
"202",2.02168280501654,0.571682680578096,-0.593966663263337,-1.221798102991,-0.213453511442953,2.04942606036054,-1.26882309365084
"203",2.02168280501654,0.571682680578096,-0.593966663263337,-1.38759127381124,-0.213453511442953,2.04942606036054,-1.1676356865262
"204",1.88023295400866,0.571682680578096,-0.593966663263337,-1.41127601249985,-0.213453511442953,2.04942606036054,-1.20348780610721
"205",1.73878310300078,0.571682680578096,-0.593966663263337,-1.37180144801884,-0.213453511442953,2.04942606036054,-1.12485480834015
"206",-0.100064960101643,0.571682680578096,-0.593966663263337,-1.29285231905682,-0.213453511442953,2.04942606036054,-1.28437226803909
"207",-0.382964662117401,0.571682680578096,-0.593966663263337,-1.22969301588721,-0.213453511442953,2.04942606036054,-1.23791440625779
"208",-0.241514811109522,0.571682680578096,-0.593966663263337,-1.35601162222643,-0.213453511442953,2.04942606036054,-1.15408407477331
"209",-0.382964662117401,0.571682680578096,-0.593966663263337,-1.45075057698085,-0.213453511442953,2.04942606036054,-0.731588870703984
"210",-0.382964662117401,0.571682680578096,0.460197504165554,-1.50601496725427,-0.213453511442953,2.04942606036054,-0.910861704827338
"211",-0.665864364133158,0.571682680578096,-0.593966663263337,-1.48233022856566,-0.213453511442953,2.04942606036054,-0.837967493436897
"212",2.02168280501654,0.571682680578096,-0.593966663263337,2.01511618445169,-0.213453511442953,-0.279698345706777,-0.0370335892407159
"213",2.02168280501654,0.571682680578096,-0.593966663263337,1.98353653286688,-0.213453511442953,-0.279698345706777,0.113193521723788
"214",2.02168280501654,0.571682680578096,-0.593966663263337,1.93616705548967,-0.213453511442953,-0.279698345706777,-0.380253394082912
"215",2.02168280501654,0.571682680578096,-0.593966663263337,1.93616705548967,-0.213453511442953,-0.279698345706777,-0.380253394082912
"216",2.02168280501654,0.571682680578096,-0.18228124876448,-0.708628764737894,-0.213453511442953,2.04942606036054,-0.442673402619651
"217",-0.382964662117401,0.571682680578096,-0.593966663263337,-0.519150855229054,-0.213453511442953,2.04942606036054,-0.282742970553528
"218",1.73878310300078,-1.74540287433136,-0.593966663263337,-0.416516987578432,-0.213453511442953,2.04942606036054,-0.271816027623205
"219",-0.382964662117401,-1.74540287433136,-0.593966663263337,-0.36125259730502,-0.213453511442953,2.04942606036054,-0.774485992963758
"220",0.748634145945629,0.571682680578096,-0.593966663263337,-0.36125259730502,-0.213453511442953,2.04942606036054,-0.774485992963758
"221",2.02168280501654,-1.74540287433136,-0.593966663263337,-0.369147510201221,-0.213453511442953,2.04942606036054,-1.33255849565343
"222",1.5973332519929,-1.74540287433136,-0.593966663263337,-0.266513642550599,-0.213453511442953,2.04942606036054,-1.16632641116949
"223",2.02168280501654,-1.74540287433136,-0.593966663263337,-0.50336102943665,-0.213453511442953,2.04942606036054,-0.593478674898217
"224",1.88023295400866,0.571682680578096,-0.593966663263337,-0.534940681021457,-0.213453511442953,2.04942606036054,-0.293180464752369
"225",1.88023295400866,0.571682680578096,-0.593966663263337,-0.36125259730502,-0.213453511442953,2.04942606036054,-1.30042618643168
"226",-0.382964662117401,0.571682680578096,-0.593966663263337,-1.07968967085937,-0.213453511442953,2.04942606036054,-1.05422123827824
"227",-0.665864364133158,-1.74540287433136,-0.593966663263337,-1.07968967085937,-0.213453511442953,2.04942606036054,-1.05422123827824
"228",-0.52441451312528,-1.74540287433136,-0.593966663263337,-1.07968967085937,-0.213453511442953,2.04942606036054,-1.05422123827824
"229",0.465734443929871,0.571682680578096,-0.593966663263337,-1.09547949665178,-0.213453511442953,2.04942606036054,-1.18840360801387
"230",-0.665864364133158,0.571682680578096,-0.593966663263337,-0.763893155011306,-0.213453511442953,1.85533235985493,1.99185070587803
"231",-0.665864364133158,0.571682680578096,-0.219707195537103,-0.763893155011306,-0.213453511442953,1.85533235985493,1.92415994631415
"232",-0.665864364133158,-1.74540287433136,0.341682006052247,-0.748103329218903,-0.213453511442953,1.85533235985493,1.87914289923615
"233",-0.665864364133158,-1.74540287433136,0.329206690461373,-0.763893155011306,-0.213453511442953,1.85533235985493,1.91142816118649
"234",-0.52441451312528,-1.74540287433136,-0.213469537741666,-0.763893155011306,-0.213453511442953,1.85533235985493,1.98946464331206
"235",1.88023295400866,0.571682680578096,-0.593966663263337,1.19404524324671,-0.213453511442953,0.496676456315663,1.99332822923619
"236",-0.382964662117401,0.571682680578096,-0.593966663263337,1.1072012013885,-0.213453511442953,0.496676456315663,1.80640469962887
"237",1.88023295400866,0.571682680578096,-0.593966663263337,1.44668245592517,-0.213453511442953,0.496676456315663,-0.90585709154794
"238",2.02168280501654,0.571682680578096,-0.593966663263337,1.596685800953,-0.213453511442953,0.496676456315663,0.9280430651669
"239",2.02168280501654,0.571682680578096,-0.593966663263337,1.55721123647199,-0.213453511442953,0.496676456315663,-0.297542676571697
"240",2.02168280501654,0.571682680578096,-0.593966663263337,1.50194684619858,-0.213453511442953,0.496676456315663,-0.984569624733867
"241",1.88023295400866,0.571682680578096,-0.593966663263337,1.51773667199098,-0.213453511442953,0.496676456315663,-0.979974924767085
"242",1.88023295400866,0.571682680578096,-0.593966663263337,2.77302782248705,-0.213453511442953,0.690770156821273,-1.08169460738721
"243",1.73878310300078,0.571682680578096,-0.593966663263337,2.16511952947952,-0.213453511442953,0.690770156821273,-0.916698380950253
"244",1.03153384796139,0.571682680578096,-0.593966663263337,1.88879757811246,-0.213453511442953,0.690770156821273,0.54820637710075
"245",1.5973332519929,0.571682680578096,-0.593966663263337,2.33091270029976,-0.213453511442953,0.690770156821273,-1.25500228509563
"246",-0.100064960101643,0.571682680578096,-0.593966663263337,1.40720789144416,-0.213453511442953,0.690770156821273,1.16440703476299
"247",-0.665864364133158,0.571682680578096,-0.593966663263337,-0.155984862003776,-0.213453511442953,-2.22063535076287,-0.429855963963981
"248",0.465734443929871,0.571682680578096,-0.593966663263337,-0.155984862003776,-0.213453511442953,-2.22063535076287,-0.195994301007591
"249",-0.382964662117401,0.571682680578096,-0.593966663263337,-0.124405210418969,-0.213453511442953,-2.22063535076287,-0.783981298354497
"250",-0.382964662117401,0.571682680578096,-0.593966663263337,0.00980830881645996,-0.213453511442953,-2.22063535076287,-1.22754421125953
"251",-0.382964662117401,0.571682680578096,-0.593966663263337,0.00980830881645996,-0.213453511442953,-2.22063535076287,-1.22754421125953
"252",-0.382964662117401,0.571682680578096,-0.593966663263337,0.00980830881645996,-0.213453511442953,-2.22063535076287,-1.22754421125953
"253",-0.52441451312528,0.571682680578096,-0.593966663263337,-0.298093294135406,-0.213453511442953,-2.22063535076287,0.847941721205395
"254",-0.665864364133158,0.571682680578096,-0.593966663263337,-0.384937335993625,-0.213453511442953,-2.22063535076287,0.305482633049976
"255",-0.665864364133158,0.571682680578096,-0.593966663263337,-0.519150855229054,-0.213453511442953,-2.22063535076287,-0.33464594947256
"256",-0.52441451312528,0.571682680578096,-0.593966663263337,-0.542835593917659,-0.213453511442953,-2.22063535076287,-0.916208932218772
"257",-0.665864364133158,0.571682680578096,-0.213469537741666,-0.906001587142937,-0.213453511442953,-1.83244794975166,-1.10352402081128
"258",-0.665864364133158,0.571682680578096,0.379107952824871,-0.890211761350533,-0.213453511442953,-1.83244794975166,-1.1030773988438
"259",-0.665864364133158,0.571682680578096,0.33544434825681,-0.87442193555813,-0.213453511442953,-1.83244794975166,-1.06698361395162
"260",-0.665864364133158,0.571682680578096,-0.232182511127978,-0.842842283973323,-0.213453511442953,-1.83244794975166,-1.0730191286217
"261",-0.665864364133158,0.571682680578096,-0.593966663263337,-0.795472806596113,-0.213453511442953,-1.83244794975166,-1.05704474564798
"262",1.88023295400866,0.571682680578096,-0.593966663263337,-0.321778032824011,-0.213453511442953,-1.05607314772922,0.297290484906805
"263",1.5973332519929,0.571682680578096,-0.593966663263337,-0.463886464955642,-0.213453511442953,-1.25016684823483,-0.946888190518941
"264",-0.665864364133158,0.571682680578096,-0.593966663263337,-0.345462771512616,-0.213453511442953,-1.25016684823483,-0.0477341621327284
"265",-0.382964662117401,0.571682680578096,-0.0388151194694238,-0.653364374464482,-0.213453511442953,-1.25016684823483,-0.492361626028729
"266",-0.665864364133158,-1.74540287433136,-0.0388151194694238,-0.653364374464482,-0.213453511442953,-1.25016684823483,-0.492361626028729
"267",-0.665864364133158,-1.74540287433136,-0.0388151194694238,-0.653364374464482,-0.213453511442953,-1.25016684823483,-0.492361626028729
"268",-0.52441451312528,0.571682680578096,-0.257133142309727,-0.305988207031608,-0.213453511442953,-0.279698345706777,-0.460574989973583
"269",-0.52441451312528,0.571682680578096,-0.593966663263337,-0.290198381239204,-0.213453511442953,-0.279698345706777,0.774799726394642
"270",-0.52441451312528,0.571682680578096,-0.593966663263337,-0.290198381239204,-0.213453511442953,-0.279698345706777,0.953424040948783
"271",-0.52441451312528,0.571682680578096,-0.593966663263337,-0.305988207031608,-0.213453511442953,-0.279698345706777,1.62008686282675
"272",-0.665864364133158,0.571682680578096,-0.593966663263337,-0.0217713427683468,-0.213453511442953,0.108489055304443,-0.89175179091756
"273",-0.665864364133158,-1.74540287433136,-0.593966663263337,0.00980830881645996,-0.213453511442953,0.108489055304443,-0.721068782031705
"274",-0.665864364133158,0.571682680578096,-0.593966663263337,-0.0375611685607502,-0.213453511442953,0.108489055304443,1.00667912198853
"275",-0.665864364133158,0.571682680578096,-0.593966663263337,-0.0375611685607502,-0.213453511442953,0.108489055304443,1.00667912198853
"276",-0.665864364133158,0.571682680578096,-0.593966663263337,-0.0375611685607502,-0.213453511442953,0.108489055304443,1.00667912198853
"277",-0.665864364133158,0.571682680578096,-0.593966663263337,-0.069140820145557,-0.213453511442953,0.302582755810053,1.87534355345802
"278",-0.665864364133158,0.571682680578096,-0.593966663263337,-0.069140820145557,-0.213453511442953,0.302582755810053,1.87534355345802
"279",-0.665864364133158,0.571682680578096,-0.593966663263337,-0.0612459072493553,-0.213453511442953,0.302582755810053,1.81151943887285
"280",-0.665864364133158,0.571682680578096,-0.593966663263337,-0.0217713427683468,-0.213453511442953,0.302582755810053,1.85857687535021
"281",-0.665864364133158,0.571682680578096,-0.593966663263337,0.00980830881645996,-0.213453511442953,0.302582755810053,1.82199670078112
"282",-0.665864364133158,0.571682680578096,-0.593966663263337,0.546662385758175,-0.213453511442953,0.690770156821273,-0.923403828571549
"283",-0.665864364133158,0.571682680578096,-0.593966663263337,0.546662385758175,-0.213453511442953,0.690770156821273,-0.923403828571549
"284",-0.665864364133158,0.571682680578096,-0.593966663263337,0.594031863135385,-0.213453511442953,0.690770156821273,-0.931470555477277
"285",-0.665864364133158,0.571682680578096,-0.593966663263337,0.594031863135385,-0.213453511442953,0.690770156821273,-0.931470555477277
"286",-0.665864364133158,0.571682680578096,-0.593966663263337,0.594031863135385,-0.213453511442953,0.690770156821273,-0.931470555477277
"287",2.02168280501654,0.571682680578096,-0.593966663263337,0.436133605211351,-0.213453511442953,0.690770156821273,0.721526291027462
"288",1.88023295400866,0.571682680578096,-0.593966663263337,0.562452211550579,-0.213453511442953,0.690770156821273,0.7656837437708
"289",1.88023295400866,0.571682680578096,-0.593966663263337,0.562452211550579,-0.213453511442953,0.690770156821273,0.7656837437708
"290",2.02168280501654,0.571682680578096,-0.593966663263337,0.388764127834141,-0.213453511442953,0.690770156821273,1.04331130048534
"291",-0.665864364133158,-1.74540287433136,2.50614926106897,-0.219144165173389,-0.213453511442953,0.302582755810053,1.99572652802045
"292",-0.665864364133158,0.571682680578096,0.322969032665935,-0.566520332606264,-0.213453511442953,-0.473792046212386,1.04938352381028
"293",0.465734443929871,-1.74540287433136,-0.593966663263337,-0.471781377851843,-0.213453511442953,-0.473792046212386,0.577190919168165
"294",-0.52441451312528,0.571682680578096,0.485148135347303,-0.542835593917659,-0.213453511442953,-0.279698345706777,1.75368801219375
"295",-0.52441451312528,0.571682680578096,0.915546523232472,-0.582310158398667,-0.213453511442953,-0.473792046212386,1.93677548736809
"296",-0.665864364133158,-1.74540287433136,2.28159358043323,-0.582310158398667,-0.213453511442953,-0.279698345706777,0.760715839146264
"297",-0.665864364133158,-1.74540287433136,2.46872331429634,-0.590205071294869,-0.213453511442953,-0.279698345706777,0.28860276992301
"298",-0.665864364133158,-1.74540287433136,1.10891391489103,-0.337567858616415,-0.213453511442953,-0.0856046452011667,-0.539302818432368
"299",-0.665864364133158,-1.74540287433136,1.19624112402715,-0.140195036211372,-0.213453511442953,0.302582755810053,1.78890690747841
"300",-0.665864364133158,-1.74540287433136,2.16931574011535,-0.353357684408818,-0.213453511442953,0.302582755810053,-0.922305627980287
"301",-0.241514811109522,0.571682680578096,-0.593966663263337,1.36773332696315,-0.213453511442953,0.690770156821273,1.25778161651135
"302",-0.382964662117401,0.571682680578096,-0.593966663263337,0.61771660182399,-0.213453511442953,0.496676456315663,-0.903991068259167
"303",2.02168280501654,0.571682680578096,-0.593966663263337,2.14932970368712,-0.213453511442953,0.496676456315663,-0.556971917638847
"304",1.73878310300078,0.571682680578096,-0.593966663263337,1.98353653286688,-0.213453511442953,0.690770156821273,-0.503120320957605
"305",1.73878310300078,0.571682680578096,-0.593966663263337,1.63616036543401,-0.213453511442953,0.690770156821273,1.2864051901393
"306",-0.382964662117401,0.571682680578096,-0.593966663263337,2.08617040051751,-0.213453511442953,0.690770156821273,0.515162469616612
"307",-0.52441451312528,0.571682680578096,-0.593966663263337,1.54931632357579,-0.213453511442953,0.690770156821273,-0.841528232958424
"308",-0.52441451312528,0.571682680578096,-0.593966663263337,1.40720789144416,-0.213453511442953,0.690770156821273,1.16440703476299
"309",-0.665864364133158,0.571682680578096,-0.593966663263337,1.40720789144416,-0.213453511442953,0.690770156821273,1.16440703476299
"310",-0.665864364133158,0.571682680578096,-0.593966663263337,1.40720789144416,-0.213453511442953,0.690770156821273,1.16440703476299
"311",-0.665864364133158,0.571682680578096,-0.593966663263337,1.40720789144416,-0.213453511442953,0.690770156821273,1.16440703476299
"312",-0.665864364133158,0.571682680578096,-0.593966663263337,1.40720789144416,-0.213453511442953,0.690770156821273,1.16440703476299
"313",-0.665864364133158,0.571682680578096,-0.593966663263337,1.40720789144416,-0.213453511442953,0.690770156821273,1.16440703476299
"314",-0.665864364133158,0.571682680578096,-0.593966663263337,1.40720789144416,-0.213453511442953,0.690770156821273,1.16440703476299
"315",-0.665864364133158,0.571682680578096,-0.593966663263337,1.40720789144416,-0.213453511442953,0.690770156821273,1.16440703476299
"316",-0.665864364133158,0.571682680578096,-0.593966663263337,1.40720789144416,-0.213453511442953,0.690770156821273,1.16440703476299
"317",-0.665864364133158,0.571682680578096,-0.593966663263337,1.40720789144416,-0.213453511442953,0.690770156821273,1.16440703476299
"318",-0.665864364133158,0.571682680578096,-0.593966663263337,1.40720789144416,-0.213453511442953,0.690770156821273,1.16440703476299
"319",-0.241514811109522,0.571682680578096,-0.188518906559917,1.09930628849229,-0.213453511442953,0.690770156821273,-0.516827944493656
"320",-0.52441451312528,-1.74540287433136,0.62861426464236,0.341394650456931,4.67463190060068,0.884863857326883,-0.902547194501297
"321",-0.665864364133158,0.571682680578096,-0.593966663263337,0.444028518107553,-0.213453511442953,0.884863857326883,-0.417445379566355
"322",-0.665864364133158,0.571682680578096,1.23990472859521,0.10454726357088,-0.213453511442953,0.690770156821273,-0.61372961616326
"323",-0.665864364133158,0.571682680578096,-0.593966663263337,-0.274408555446801,-0.213453511442953,0.496676456315663,-0.933954507789545
"324",-0.665864364133158,-1.74540287433136,-0.593966663263337,-0.274408555446801,-0.213453511442953,0.496676456315663,-0.933954507789545
"325",-0.665864364133158,0.571682680578096,-0.593966663263337,-0.187564513588582,-0.213453511442953,0.496676456315663,-0.17023400245881
"326",-0.665864364133158,0.571682680578096,-0.593966663263337,-0.0217713427683468,-0.213453511442953,0.496676456315663,-0.931470555477277
"327",-0.665864364133158,-1.74540287433136,-0.213469537741666,-0.132300123315171,-0.213453511442953,0.302582755810053,-0.911528578723981
"328",-0.665864364133158,-1.74540287433136,-0.593966663263337,-0.155984862003776,-0.213453511442953,0.302582755810053,-0.646761287429112
"329",-0.665864364133158,-1.74540287433136,1.10267625709559,-0.59809998419107,4.67463190060068,-0.473792046212386,1.7516996267221
"330",-0.665864364133158,-1.74540287433136,2.28159358043323,-0.582310158398667,-0.213453511442953,-0.279698345706777,0.760715839146264
"331",-0.665864364133158,-1.74540287433136,2.28159358043323,-0.582310158398667,-0.213453511442953,-0.279698345706777,0.760715839146264
"332",-0.665864364133158,-1.74540287433136,1.67030311648038,-0.50336102943665,-0.213453511442953,-0.279698345706777,0.803970870790934
"333",-0.665864364133158,-1.74540287433136,-0.593966663263337,-0.471781377851843,-0.213453511442953,-0.0856046452011667,-0.875584687505815
"334",-0.665864364133158,0.571682680578096,0.959210127800533,-0.392832248889826,-0.213453511442953,-0.0856046452011667,-0.244192764840223
"335",-0.665864364133158,0.571682680578096,0.928021838823347,-0.353357684408818,-0.213453511442953,-0.0856046452011667,-0.242158493550004
"336",-0.665864364133158,0.571682680578096,0.928021838823347,-0.353357684408818,-0.213453511442953,-0.0856046452011667,-0.242158493550004
"337",-0.665864364133158,-1.74540287433136,0.416533899597494,-0.242828903861994,-0.213453511442953,0.108489055304443,-0.609719195619684
"338",-0.665864364133158,-1.74540287433136,2.40010907854653,-0.519150855229054,-0.213453511442953,0.302582755810053,1.58590498704192
"339",-0.665864364133158,0.571682680578096,2.50614926106897,-0.558625419710062,-0.213453511442953,0.108489055304443,0.206690465655024
"340",-0.665864364133158,-1.74540287433136,3.14239035620356,-0.684944026049289,-0.213453511442953,0.108489055304443,0.123973630034666
"341",-0.665864364133158,-1.74540287433136,1.66406545868494,-0.621784722879676,-0.213453511442953,0.302582755810053,-0.67940445876435
"342",-0.665864364133158,-1.74540287433136,1.58921356513969,-0.582310158398667,-0.213453511442953,0.302582755810053,-0.869585881490596
"343",-0.665864364133158,0.571682680578096,-0.219707195537103,-0.50336102943665,-0.213453511442953,0.302582755810053,-0.705853044591777
"344",-0.665864364133158,0.571682680578096,1.82624456136631,-0.566520332606264,-0.213453511442953,0.302582755810053,-0.906227237151123
"345",-0.665864364133158,0.571682680578096,2.45624799870547,-0.542835593917659,-0.213453511442953,0.302582755810053,0.293188292726077
"346",-0.52441451312528,0.571682680578096,1.24614238639065,-0.653364374464482,-0.213453511442953,-0.861979447223606,-0.73617439350705
"347",-0.665864364133158,0.571682680578096,0.62861426464236,-0.621784722879676,-0.213453511442953,-0.667885746717996,-0.924853820438563
"348",-0.665864364133158,0.571682680578096,0.397820926211182,-0.558625419710062,-0.213453511442953,-0.667885746717996,-0.651775077872224
"349",-0.52441451312528,0.571682680578096,-0.282083773491476,0.420343779418948,-0.213453511442953,-0.473792046212386,-1.10717653196996
"350",0.748634145945629,0.571682680578096,-0.0512904350602983,-0.282303468343003,-0.213453511442953,-1.05607314772922,1.99128783983683
"351",-0.52441451312528,0.571682680578096,-0.593966663263337,-0.542835593917659,-0.213453511442953,-1.25016684823483,1.9934567095282
"352",-0.100064960101643,0.571682680578096,-0.593966663263337,-0.740208416322701,-0.213453511442953,-1.63835424924605,1.60484971200482
"353",-0.665864364133158,0.571682680578096,-0.238420168923415,-0.858632109765726,-0.213453511442953,-1.63835424924605,1.57258892249105
"354",-0.665864364133158,0.571682680578096,0.291780743688749,-0.906001587142937,-0.213453511442953,-1.63835424924605,1.93357265723145
"355",-0.665864364133158,0.571682680578096,-0.593966663263337,-0.305988207031608,-0.213453511442953,-1.05607314772922,-0.903510796691401
"356",-0.665864364133158,-1.74540287433136,-0.593966663263337,0.515082734173368,-0.213453511442953,0.690770156821273,-0.912580893496666
"357",-0.665864364133158,0.571682680578096,-0.593966663263337,0.0808625248822752,-0.213453511442953,0.496676456315663,1.1201578103825
"358",-0.665864364133158,0.571682680578096,0.33544434825681,-0.242828903861994,-0.213453511442953,0.884863857326883,-1.21285769026051
"359",-0.665864364133158,0.571682680578096,-0.593966663263337,-1.2060082771986,-0.213453511442953,1.46714495884371,-1.15818626695404
"360",-0.665864364133158,0.571682680578096,-0.593966663263337,-1.49812005435806,-0.213453511442953,1.66123865934932,-1.17715852340809
"361",-0.665864364133158,0.571682680578096,-0.225944853332541,-1.57706918332008,-0.213453511442953,2.04942606036054,-1.15658332235844
"362",-0.665864364133158,0.571682680578096,0.984160758982282,-1.82181148310233,-0.213453511442953,2.04942606036054,-1.2021571173685
"363",-0.665864364133158,0.571682680578096,-0.593966663263337,-1.56917427042388,-0.213453511442953,2.04942606036054,-0.82851195575559
"364",-0.665864364133158,0.571682680578096,-0.593966663263337,-1.50601496725427,-0.213453511442953,1.85533235985493,-1.14650373754449
"365",-0.382964662117401,0.571682680578096,-0.593966663263337,0.349289563353133,-0.213453511442953,0.690770156821273,1.17779039851443
"366",-0.665864364133158,-1.74540287433136,1.86367050813893,-0.0928255588341621,-0.213453511442953,0.302582755810053,-0.838395761076943
"367",-0.665864364133158,-1.74540287433136,2.43753502531916,-0.337567858616415,-0.213453511442953,0.302582755810053,-0.920436545636943
"368",-0.665864364133158,-1.74540287433136,3.14239035620356,-0.534940681021457,-0.213453511442953,-0.0856046452011667,-0.293529196973549
"369",2.02168280501654,0.571682680578096,-0.593966663263337,0.0413879604012667,-0.213453511442953,-1.44426054874044,-0.210940841645205
